claim_id,transaction_date,accident_date,reported_date,transaction_type,paid_amount,case_reserve,transaction_number,line_of_business,cumulative_paid
1,2020-01-18 00:00:00.000000000,2020-01-01 00:00:00.000000000,2020-01-18 00:00:00.000000000,Initial Reserve,0.0,6182.321145619965,1,Auto,0.0
1,2020-07-25 00:00:00.000000000,2020-01-01 00:00:00.000000000,2020-01-18 00:00:00.000000000,Partial Payment,2200.343431522096,3981.977714097869,2,Auto,2200.343431522096
1,2021-01-30 00:00:00.000000000,2020-01-01 00:00:00.000000000,2020-01-18 00:00:00.000000000,Final Payment,3981.977714097869,0.0,3,Auto,6182.321145619965
2,2020-02-19 08:04:49.447236180,2020-01-08 08:04:49.447236180,2020-02-19 08:04:49.447236180,Initial Reserve,0.0,4991.654901094887,1,Liability,0.0
2,2021-01-04 08:04:49.447236180,2020-01-08 08:04:49.447236180,2020-02-19 08:04:49.447236180,Final Payment,4991.654901094887,0.0,2,Liability,4991.654901094887
3,2020-02-28 16:09:38.894472361,2020-01-15 16:09:38.894472361,2020-02-28 16:09:38.894472361,Initial Reserve,0.0,4257.5951763925,1,Property,0.0
3,2021-04-11 16:09:38.894472361,2020-01-15 16:09:38.894472361,2020-02-28 16:09:38.894472361,Final Payment,4257.5951763925,0.0,2,Property,4257.5951763925
4,2020-02-08 00:14:28.341708542,2020-01-23 00:14:28.341708542,2020-02-08 00:14:28.341708542,Initial Reserve,0.0,3004.6580607873498,1,Property,0.0
4,2020-04-28 12:14:28.341708542,2020-01-23 00:14:28.341708542,2020-02-08 00:14:28.341708542,Partial Payment,1281.4224621524343,1723.2355986349155,2,Property,1281.4224621524343
4,2020-07-18 00:14:28.341708542,2020-01-23 00:14:28.341708542,2020-02-08 00:14:28.341708542,Final Payment,1723.2355986349155,0.0,3,Property,3004.6580607873498
5,2020-08-31 08:19:17.788944723,2020-01-30 08:19:17.788944723,2020-08-31 08:19:17.788944723,Initial Reserve,0.0,4659.98544067695,1,Auto,0.0
5,2021-02-09 20:19:17.788944723,2020-01-30 08:19:17.788944723,2020-08-31 08:19:17.788944723,Partial Payment,2240.4251929982183,2419.5602476787317,2,Auto,2240.4251929982183
5,2021-07-22 08:19:17.788944723,2020-01-30 08:19:17.788944723,2020-08-31 08:19:17.788944723,Final Payment,2419.5602476787317,0.0,3,Auto,4659.98544067695
6,2020-03-30 16:24:07.236180904,2020-02-06 16:24:07.236180904,2020-03-30 16:24:07.236180904,Initial Reserve,0.0,4934.3524929839095,1,Auto,0.0
6,2021-02-26 16:24:07.236180904,2020-02-06 16:24:07.236180904,2020-03-30 16:24:07.236180904,Partial Payment,2075.147613779983,2859.2048792039263,2,Auto,2075.147613779983
6,2022-01-25 16:24:07.236180904,2020-02-06 16:24:07.236180904,2020-03-30 16:24:07.236180904,Final Payment,2859.2048792039263,0.0,3,Auto,4934.3524929839095
7,2020-02-24 00:28:56.683417085,2020-02-14 00:28:56.683417085,2020-02-24 00:28:56.683417085,Initial Reserve,0.0,5633.8708893377225,1,Auto,0.0
7,2020-10-12 08:28:56.683417085,2020-02-14 00:28:56.683417085,2020-02-24 00:28:56.683417085,Partial Payment,2490.987735786652,3142.8831535510703,2,Auto,2490.987735786652
7,2021-05-31 16:28:56.683417085,2020-02-14 00:28:56.683417085,2020-02-24 00:28:56.683417085,Partial Payment,1435.0179576928906,1707.8651958581797,3,Auto,3926.005693479543
7,2022-01-18 00:28:56.683417085,2020-02-14 00:28:56.683417085,2020-02-24 00:28:56.683417085,Final Payment,1707.8651958581797,0.0,4,Auto,5633.8708893377225
8,2020-04-25 08:33:46.130653266,2020-02-21 08:33:46.130653266,2020-04-25 08:33:46.130653266,Initial Reserve,0.0,3306.5373257566293,1,Liability,0.0
8,2021-03-13 20:33:46.130653266,2020-02-21 08:33:46.130653266,2020-04-25 08:33:46.130653266,Partial Payment,1294.8735991825258,2011.6637265741035,2,Liability,1294.8735991825258
8,2022-01-30 08:33:46.130653266,2020-02-21 08:33:46.130653266,2020-04-25 08:33:46.130653266,Final Payment,2011.6637265741035,0.0,3,Liability,3306.5373257566293
9,2020-03-11 16:38:35.577889447,2020-02-28 16:38:35.577889447,2020-03-11 16:38:35.577889447,Initial Reserve,0.0,5395.575128933967,1,Property,0.0
9,2020-10-22 16:38:35.577889447,2020-02-28 16:38:35.577889447,2020-03-11 16:38:35.577889447,Partial Payment,2336.9655694745948,3058.609559459372,2,Property,2336.9655694745948
9,2021-06-04 16:38:35.577889447,2020-02-28 16:38:35.577889447,2020-03-11 16:38:35.577889447,Partial Payment,1811.3686972377006,1247.2408622216715,3,Property,4148.334266712295
9,2022-01-15 16:38:35.577889447,2020-02-28 16:38:35.577889447,2020-03-11 16:38:35.577889447,Final Payment,1247.2408622216715,0.0,4,Property,5395.575128933967
10,2020-05-19 00:43:25.025125628,2020-03-07 00:43:25.025125628,2020-05-19 00:43:25.025125628,Initial Reserve,0.0,9050.216174667334,1,Property,0.0
10,2020-06-10 00:43:25.025125628,2020-03-07 00:43:25.025125628,2020-05-19 00:43:25.025125628,Partial Payment,5895.778224994736,3154.437949672598,2,Property,5895.778224994736
10,2020-07-02 00:43:25.025125628,2020-03-07 00:43:25.025125628,2020-05-19 00:43:25.025125628,Final Payment,3154.437949672598,0.0,3,Property,9050.216174667334
11,2020-06-27 08:48:14.472361809,2020-03-14 08:48:14.472361809,2020-06-27 08:48:14.472361809,Initial Reserve,0.0,4716.939734862667,1,Auto,0.0
11,2021-03-14 08:48:14.472361809,2020-03-14 08:48:14.472361809,2020-06-27 08:48:14.472361809,Final Payment,4716.939734862667,0.0,2,Auto,4716.939734862667
12,2020-04-05 16:53:03.919597990,2020-03-21 16:53:03.919597990,2020-04-05 16:53:03.919597990,Initial Reserve,0.0,6701.612589959016,1,Liability,0.0
12,2020-10-15 16:53:03.919597990,2020-03-21 16:53:03.919597990,2020-04-05 16:53:03.919597990,Partial Payment,4027.4094657783526,2674.2031241806635,2,Liability,4027.4094657783526
12,2021-04-26 16:53:03.919597990,2020-03-21 16:53:03.919597990,2020-04-05 16:53:03.919597990,Partial Payment,1558.5046805309769,1115.6984436496866,3,Liability,5585.914146309329
12,2021-11-05 16:53:03.919597990,2020-03-21 16:53:03.919597990,2020-04-05 16:53:03.919597990,Final Payment,1115.6984436496866,0.0,4,Liability,6701.612589959016
13,2020-06-24 00:57:53.366834170,2020-03-29 00:57:53.366834170,2020-06-24 00:57:53.366834170,Initial Reserve,0.0,7617.304666033455,1,Liability,0.0
13,2020-09-26 08:57:53.366834170,2020-03-29 00:57:53.366834170,2020-06-24 00:57:53.366834170,Partial Payment,2908.422793394703,4708.881872638752,2,Liability,2908.422793394703
13,2020-12-29 16:57:53.366834170,2020-03-29 00:57:53.366834170,2020-06-24 00:57:53.366834170,Partial Payment,2757.641926865707,1951.2399457730448,3,Liability,5666.0647202604105
13,2021-04-03 00:57:53.366834170,2020-03-29 00:57:53.366834170,2020-06-24 00:57:53.366834170,Final Payment,1951.2399457730448,0.0,4,Liability,7617.304666033455
14,2020-05-25 09:02:42.814070351,2020-04-05 09:02:42.814070351,2020-05-25 09:02:42.814070351,Initial Reserve,0.0,4627.473146794574,1,Auto,0.0
14,2020-10-19 09:02:42.814070351,2020-04-05 09:02:42.814070351,2020-05-25 09:02:42.814070351,Final Payment,4627.473146794574,0.0,2,Auto,4627.473146794574
15,2020-06-26 17:07:32.261306532,2020-04-12 17:07:32.261306532,2020-06-26 17:07:32.261306532,Initial Reserve,0.0,5577.712345989217,1,Auto,0.0
15,2020-11-02 05:07:32.261306532,2020-04-12 17:07:32.261306532,2020-06-26 17:07:32.261306532,Partial Payment,2692.9200098796437,2884.7923361095736,2,Auto,2692.9200098796437
15,2021-03-10 17:07:32.261306532,2020-04-12 17:07:32.261306532,2020-06-26 17:07:32.261306532,Final Payment,2884.7923361095736,0.0,3,Auto,5577.712345989217
16,2020-11-27 01:12:21.708542714,2020-04-20 01:12:21.708542714,2020-11-27 01:12:21.708542714,Initial Reserve,0.0,5533.95655721047,1,Auto,0.0
16,2021-03-03 17:12:21.708542714,2020-04-20 01:12:21.708542714,2020-11-27 01:12:21.708542714,Partial Payment,2736.7794378183276,2797.1771193921427,2,Auto,2736.7794378183276
16,2021-06-08 09:12:21.708542714,2020-04-20 01:12:21.708542714,2020-11-27 01:12:21.708542714,Partial Payment,1296.7211614978442,1500.4559578942985,3,Auto,4033.5005993161717
16,2021-09-13 01:12:21.708542714,2020-04-20 01:12:21.708542714,2020-11-27 01:12:21.708542714,Final Payment,1500.4559578942985,0.0,4,Auto,5533.95655721047
17,2020-05-23 09:17:11.155778894,2020-04-27 09:17:11.155778894,2020-05-23 09:17:11.155778894,Initial Reserve,0.0,5614.971422392061,1,Auto,0.0
17,2020-09-24 09:17:11.155778894,2020-04-27 09:17:11.155778894,2020-05-23 09:17:11.155778894,Final Payment,5614.971422392061,0.0,2,Auto,5614.971422392061
18,2020-05-20 17:22:00.603015074,2020-05-04 17:22:00.603015074,2020-05-20 17:22:00.603015074,Initial Reserve,0.0,3598.28538568715,1,Property,0.0
18,2020-09-04 17:22:00.603015074,2020-05-04 17:22:00.603015074,2020-05-20 17:22:00.603015074,Partial Payment,2110.292294964756,1487.9930907223943,2,Property,2110.292294964756
18,2020-12-20 17:22:00.603015074,2020-05-04 17:22:00.603015074,2020-05-20 17:22:00.603015074,Partial Payment,802.9385495881128,685.0545411342815,3,Property,2913.230844552869
18,2021-04-06 17:22:00.603015074,2020-05-04 17:22:00.603015074,2020-05-20 17:22:00.603015074,Final Payment,685.0545411342815,0.0,4,Property,3598.28538568715
19,2020-05-26 01:26:50.050251256,2020-05-12 01:26:50.050251256,2020-05-26 01:26:50.050251256,Initial Reserve,0.0,5888.996784252011,1,Auto,0.0
19,2020-12-05 01:26:50.050251256,2020-05-12 01:26:50.050251256,2020-05-26 01:26:50.050251256,Partial Payment,2302.246718459654,3586.750065792357,2,Auto,2302.246718459654
19,2021-06-16 01:26:50.050251256,2020-05-12 01:26:50.050251256,2020-05-26 01:26:50.050251256,Partial Payment,1683.7594494001482,1902.9906163922087,3,Auto,3986.006167859802
19,2021-12-26 01:26:50.050251256,2020-05-12 01:26:50.050251256,2020-05-26 01:26:50.050251256,Final Payment,1902.9906163922087,0.0,4,Auto,5888.996784252011
20,2020-06-03 09:31:39.497487436,2020-05-19 09:31:39.497487436,2020-06-03 09:31:39.497487436,Initial Reserve,0.0,7432.317656232774,1,Auto,0.0
20,2021-01-01 21:31:39.497487436,2020-05-19 09:31:39.497487436,2020-06-03 09:31:39.497487436,Partial Payment,4940.566000118613,2491.751656114161,2,Auto,4940.566000118613
20,2021-08-02 09:31:39.497487436,2020-05-19 09:31:39.497487436,2020-06-03 09:31:39.497487436,Final Payment,2491.751656114161,0.0,3,Auto,7432.317656232774
21,2020-06-26 17:36:28.944723618,2020-05-26 17:36:28.944723618,2020-06-26 17:36:28.944723618,Initial Reserve,0.0,8532.150394331898,1,Property,0.0
21,2021-05-18 17:36:28.944723618,2020-05-26 17:36:28.944723618,2020-06-26 17:36:28.944723618,Partial Payment,5037.707814677556,3494.442579654343,2,Property,5037.707814677556
21,2022-04-09 17:36:28.944723618,2020-05-26 17:36:28.944723618,2020-06-26 17:36:28.944723618,Final Payment,3494.442579654343,0.0,3,Property,8532.150394331898
22,2020-07-20 01:41:18.391959798,2020-06-03 01:41:18.391959798,2020-07-20 01:41:18.391959798,Initial Reserve,0.0,9312.102724866574,1,Auto,0.0
22,2020-11-25 09:41:18.391959798,2020-06-03 01:41:18.391959798,2020-07-20 01:41:18.391959798,Partial Payment,6215.830514186726,3096.2722106798483,2,Auto,6215.830514186726
22,2021-04-02 17:41:18.391959798,2020-06-03 01:41:18.391959798,2020-07-20 01:41:18.391959798,Partial Payment,1907.4085056089073,1188.863705070941,3,Auto,8123.239019795633
22,2021-08-09 01:41:18.391959798,2020-06-03 01:41:18.391959798,2020-07-20 01:41:18.391959798,Final Payment,1188.863705070941,0.0,4,Auto,9312.102724866574
23,2020-07-24 09:46:07.839195980,2020-06-10 09:46:07.839195980,2020-07-24 09:46:07.839195980,Initial Reserve,0.0,15618.785221307993,1,Auto,0.0
23,2020-12-06 09:46:07.839195980,2020-06-10 09:46:07.839195980,2020-07-24 09:46:07.839195980,Final Payment,15618.785221307993,0.0,2,Auto,15618.785221307993
24,2020-09-01 17:50:57.286432160,2020-06-17 17:50:57.286432160,2020-09-01 17:50:57.286432160,Initial Reserve,0.0,3450.8867326762424,1,Auto,0.0
24,2021-10-13 17:50:57.286432160,2020-06-17 17:50:57.286432160,2020-09-01 17:50:57.286432160,Final Payment,3450.8867326762424,0.0,2,Auto,3450.8867326762424
25,2020-07-29 01:55:46.733668340,2020-06-25 01:55:46.733668340,2020-07-29 01:55:46.733668340,Initial Reserve,0.0,7371.248062682869,1,Auto,0.0
25,2020-09-25 01:55:46.733668340,2020-06-25 01:55:46.733668340,2020-07-29 01:55:46.733668340,Final Payment,7371.248062682869,0.0,2,Auto,7371.248062682869
26,2020-11-21 10:00:36.180904522,2020-07-02 10:00:36.180904522,2020-11-21 10:00:36.180904522,Initial Reserve,0.0,6322.516282169969,1,Property,0.0
26,2021-06-27 10:00:36.180904522,2020-07-02 10:00:36.180904522,2020-11-21 10:00:36.180904522,Partial Payment,2207.3441517892606,4115.172130380708,2,Property,2207.3441517892606
26,2022-01-31 10:00:36.180904522,2020-07-02 10:00:36.180904522,2020-11-21 10:00:36.180904522,Final Payment,4115.172130380708,0.0,3,Property,6322.516282169969
27,2020-08-03 18:05:25.628140702,2020-07-09 18:05:25.628140702,2020-08-03 18:05:25.628140702,Initial Reserve,0.0,17538.556764794008,1,Auto,0.0
27,2022-05-16 18:05:25.628140702,2020-07-09 18:05:25.628140702,2020-08-03 18:05:25.628140702,Final Payment,17538.556764794008,0.0,2,Auto,17538.556764794008
28,2021-12-02 02:10:15.075376884,2020-07-17 02:10:15.075376884,2021-12-02 02:10:15.075376884,Initial Reserve,0.0,3723.7299621132183,1,Property,0.0
28,2021-12-17 02:10:15.075376884,2020-07-17 02:10:15.075376884,2021-12-02 02:10:15.075376884,Partial Payment,2412.8226475715796,1310.9073145416387,2,Property,2412.8226475715796
28,2022-01-01 02:10:15.075376884,2020-07-17 02:10:15.075376884,2021-12-02 02:10:15.075376884,Final Payment,1310.9073145416387,0.0,3,Property,3723.7299621132183
29,2020-09-24 10:15:04.522613064,2020-07-24 10:15:04.522613064,2020-09-24 10:15:04.522613064,Initial Reserve,0.0,2877.510035533757,1,Property,0.0
29,2021-05-12 10:15:04.522613064,2020-07-24 10:15:04.522613064,2020-09-24 10:15:04.522613064,Partial Payment,1299.8353921159498,1577.6746434178074,2,Property,1299.8353921159498
29,2021-12-28 10:15:04.522613064,2020-07-24 10:15:04.522613064,2020-09-24 10:15:04.522613064,Partial Payment,942.9759146596174,634.69872875819,3,Property,2242.811306775567
29,2022-08-15 10:15:04.522613064,2020-07-24 10:15:04.522613064,2020-09-24 10:15:04.522613064,Final Payment,634.69872875819,0.0,4,Property,2877.510035533757
30,2020-08-14 18:19:53.969849244,2020-07-31 18:19:53.969849244,2020-08-14 18:19:53.969849244,Initial Reserve,0.0,4083.2641724003497,1,Auto,0.0
30,2020-10-26 18:19:53.969849244,2020-07-31 18:19:53.969849244,2020-08-14 18:19:53.969849244,Partial Payment,2211.0410519682396,1872.2231204321101,2,Auto,2211.0410519682396
30,2021-01-07 18:19:53.969849244,2020-07-31 18:19:53.969849244,2020-08-14 18:19:53.969849244,Final Payment,1872.2231204321101,0.0,3,Auto,4083.2641724003497
31,2020-08-19 02:24:43.417085428,2020-08-08 02:24:43.417085428,2020-08-19 02:24:43.417085428,Initial Reserve,0.0,1630.2175218544771,1,Property,0.0
31,2021-02-23 18:24:43.417085428,2020-08-08 02:24:43.417085428,2020-08-19 02:24:43.417085428,Partial Payment,1052.1542178629193,578.0633039915579,2,Property,1052.1542178629193
31,2021-08-31 10:24:43.417085428,2020-08-08 02:24:43.417085428,2020-08-19 02:24:43.417085428,Partial Payment,386.83076761596584,191.23253637559202,3,Property,1438.9849854788852
31,2022-03-08 02:24:43.417085428,2020-08-08 02:24:43.417085428,2020-08-19 02:24:43.417085428,Final Payment,191.23253637559202,0.0,4,Property,1630.2175218544771
32,2020-10-08 10:29:32.864321608,2020-08-15 10:29:32.864321608,2020-10-08 10:29:32.864321608,Initial Reserve,0.0,3547.3258865380726,1,Auto,0.0
32,2021-03-06 10:29:32.864321608,2020-08-15 10:29:32.864321608,2020-10-08 10:29:32.864321608,Partial Payment,2367.421054517577,1179.9048320204956,2,Auto,2367.421054517577
32,2021-08-02 10:29:32.864321608,2020-08-15 10:29:32.864321608,2020-10-08 10:29:32.864321608,Partial Payment,631.0453033599196,548.8595286605761,3,Auto,2998.4663578774966
32,2021-12-29 10:29:32.864321608,2020-08-15 10:29:32.864321608,2020-10-08 10:29:32.864321608,Final Payment,548.8595286605761,0.0,4,Auto,3547.3258865380726
33,2020-09-17 18:34:22.311557788,2020-08-22 18:34:22.311557788,2020-09-17 18:34:22.311557788,Initial Reserve,0.0,3298.5115296823437,1,Auto,0.0
33,2020-11-26 02:34:22.311557788,2020-08-22 18:34:22.311557788,2020-09-17 18:34:22.311557788,Partial Payment,1317.064572267303,1981.4469574150407,2,Auto,1317.064572267303
33,2021-02-03 10:34:22.311557788,2020-08-22 18:34:22.311557788,2020-09-17 18:34:22.311557788,Partial Payment,1052.2529184006723,929.1940390143684,3,Auto,2369.317490667975
33,2021-04-13 18:34:22.311557788,2020-08-22 18:34:22.311557788,2020-09-17 18:34:22.311557788,Final Payment,929.1940390143684,0.0,4,Auto,3298.5115296823437
34,2020-11-06 02:39:11.758793968,2020-08-30 02:39:11.758793968,2020-11-06 02:39:11.758793968,Initial Reserve,0.0,4310.676711876403,1,Liability,0.0
34,2021-02-09 02:39:11.758793968,2020-08-30 02:39:11.758793968,2020-11-06 02:39:11.758793968,Partial Payment,1918.0681901421835,2392.6085217342193,2,Liability,1918.0681901421835
34,2021-05-15 02:39:11.758793968,2020-08-30 02:39:11.758793968,2020-11-06 02:39:11.758793968,Final Payment,2392.6085217342193,0.0,3,Liability,4310.676711876403
35,2020-10-29 10:44:01.206030148,2020-09-06 10:44:01.206030148,2020-10-29 10:44:01.206030148,Initial Reserve,0.0,5311.898128190615,1,Liability,0.0
35,2021-06-18 02:44:01.206030148,2020-09-06 10:44:01.206030148,2020-10-29 10:44:01.206030148,Partial Payment,1621.3920062336817,3690.5061219569334,2,Liability,1621.3920062336817
35,2022-02-04 18:44:01.206030148,2020-09-06 10:44:01.206030148,2020-10-29 10:44:01.206030148,Partial Payment,2086.667330017034,1603.8387919398992,3,Liability,3708.059336250716
35,2022-09-24 10:44:01.206030148,2020-09-06 10:44:01.206030148,2020-10-29 10:44:01.206030148,Final Payment,1603.8387919398992,0.0,4,Liability,5311.898128190615
36,2020-10-14 18:48:50.653266332,2020-09-13 18:48:50.653266332,2020-10-14 18:48:50.653266332,Initial Reserve,0.0,14946.322561153424,1,Liability,0.0
36,2021-02-21 18:48:50.653266332,2020-09-13 18:48:50.653266332,2020-10-14 18:48:50.653266332,Partial Payment,5372.681201073611,9573.641360079811,2,Liability,5372.681201073611
36,2021-07-01 18:48:50.653266332,2020-09-13 18:48:50.653266332,2020-10-14 18:48:50.653266332,Partial Payment,4459.877471943897,5113.763888135914,3,Liability,9832.55867301751
36,2021-11-08 18:48:50.653266332,2020-09-13 18:48:50.653266332,2020-10-14 18:48:50.653266332,Final Payment,5113.763888135914,0.0,4,Liability,14946.322561153422
37,2020-10-05 02:53:40.100502512,2020-09-21 02:53:40.100502512,2020-10-05 02:53:40.100502512,Initial Reserve,0.0,9475.744771929656,1,Auto,0.0
37,2021-04-19 18:53:40.100502512,2020-09-21 02:53:40.100502512,2020-10-05 02:53:40.100502512,Partial Payment,3978.281189423974,5497.463582505682,2,Auto,3978.281189423974
37,2021-11-02 10:53:40.100502512,2020-09-21 02:53:40.100502512,2020-10-05 02:53:40.100502512,Partial Payment,2330.7858607658795,3166.6777217398026,3,Auto,6309.067050189853
37,2022-05-18 02:53:40.100502512,2020-09-21 02:53:40.100502512,2020-10-05 02:53:40.100502512,Final Payment,3166.6777217398026,0.0,4,Auto,9475.744771929656
38,2020-10-05 10:58:29.547738692,2020-09-28 10:58:29.547738692,2020-10-05 10:58:29.547738692,Initial Reserve,0.0,4051.5057611972265,1,Auto,0.0
38,2021-03-27 22:58:29.547738692,2020-09-28 10:58:29.547738692,2020-10-05 10:58:29.547738692,Partial Payment,1547.90150246428,2503.6042587329466,2,Auto,1547.90150246428
38,2021-09-17 10:58:29.547738692,2020-09-28 10:58:29.547738692,2020-10-05 10:58:29.547738692,Final Payment,2503.6042587329466,0.0,3,Auto,4051.5057611972265
39,2020-10-26 19:03:18.994974872,2020-10-05 19:03:18.994974872,2020-10-26 19:03:18.994974872,Initial Reserve,0.0,3293.06387546739,1,Property,0.0
39,2022-03-16 19:03:18.994974872,2020-10-05 19:03:18.994974872,2020-10-26 19:03:18.994974872,Final Payment,3293.06387546739,0.0,2,Property,3293.06387546739
40,2020-12-30 03:08:08.442211056,2020-10-13 03:08:08.442211056,2020-12-30 03:08:08.442211056,Initial Reserve,0.0,7131.3962508390005,1,Auto,0.0
40,2021-01-23 03:08:08.442211056,2020-10-13 03:08:08.442211056,2020-12-30 03:08:08.442211056,Partial Payment,2326.8566131985335,4804.539637640467,2,Auto,2326.8566131985335
40,2021-02-16 03:08:08.442211056,2020-10-13 03:08:08.442211056,2020-12-30 03:08:08.442211056,Final Payment,4804.539637640467,0.0,3,Auto,7131.3962508390005
41,2020-11-30 11:12:57.889447236,2020-10-20 11:12:57.889447236,2020-11-30 11:12:57.889447236,Initial Reserve,0.0,2757.386440855273,1,Auto,0.0
41,2021-03-21 23:12:57.889447236,2020-10-20 11:12:57.889447236,2020-11-30 11:12:57.889447236,Partial Payment,1416.696503371763,1340.6899374835102,2,Auto,1416.696503371763
41,2021-07-11 11:12:57.889447236,2020-10-20 11:12:57.889447236,2020-11-30 11:12:57.889447236,Final Payment,1340.6899374835102,0.0,3,Auto,2757.386440855273
42,2020-11-06 19:17:47.336683416,2020-10-27 19:17:47.336683416,2020-11-06 19:17:47.336683416,Initial Reserve,0.0,11792.576964176333,1,Auto,0.0
42,2022-10-14 19:17:47.336683416,2020-10-27 19:17:47.336683416,2020-11-06 19:17:47.336683416,Final Payment,11792.576964176333,0.0,2,Auto,11792.576964176333
43,2020-12-13 03:22:36.783919596,2020-11-04 03:22:36.783919596,2020-12-13 03:22:36.783919596,Initial Reserve,0.0,7641.361187142424,1,Auto,0.0
43,2021-03-20 19:22:36.783919596,2020-11-04 03:22:36.783919596,2020-12-13 03:22:36.783919596,Partial Payment,4926.4944345627755,2714.866752579648,2,Auto,4926.4944345627755
43,2021-06-26 11:22:36.783919596,2020-11-04 03:22:36.783919596,2020-12-13 03:22:36.783919596,Partial Payment,1841.8909906731458,872.9757619065024,3,Auto,6768.3854252359215
43,2021-10-02 03:22:36.783919596,2020-11-04 03:22:36.783919596,2020-12-13 03:22:36.783919596,Final Payment,872.9757619065024,0.0,4,Auto,7641.361187142424
44,2020-12-30 11:27:26.231155776,2020-11-11 11:27:26.231155776,2020-12-30 11:27:26.231155776,Initial Reserve,0.0,3530.6173986544454,1,Liability,0.0
44,2021-04-04 23:27:26.231155776,2020-11-11 11:27:26.231155776,2020-12-30 11:27:26.231155776,Partial Payment,1636.4188099577505,1894.198588696695,2,Liability,1636.4188099577505
44,2021-07-09 11:27:26.231155776,2020-11-11 11:27:26.231155776,2020-12-30 11:27:26.231155776,Final Payment,1894.198588696695,0.0,3,Liability,3530.6173986544454
45,2020-12-02 19:32:15.678391960,2020-11-18 19:32:15.678391960,2020-12-02 19:32:15.678391960,Initial Reserve,0.0,2486.69280519478,1,Auto,0.0
45,2021-02-09 19:32:15.678391960,2020-11-18 19:32:15.678391960,2020-12-02 19:32:15.678391960,Partial Payment,1608.3866996262038,878.306105568576,2,Auto,1608.3866996262038
45,2021-04-19 19:32:15.678391960,2020-11-18 19:32:15.678391960,2020-12-02 19:32:15.678391960,Partial Payment,406.8259409730758,471.4801645955002,3,Auto,2015.2126405992797
45,2021-06-27 19:32:15.678391960,2020-11-18 19:32:15.678391960,2020-12-02 19:32:15.678391960,Final Payment,471.4801645955002,0.0,4,Auto,2486.69280519478
46,2021-01-04 03:37:05.125628140,2020-11-26 03:37:05.125628140,2021-01-04 03:37:05.125628140,Initial Reserve,0.0,8595.903729876512,1,Property,0.0
46,2022-04-21 03:37:05.125628140,2020-11-26 03:37:05.125628140,2021-01-04 03:37:05.125628140,Final Payment,8595.903729876512,0.0,2,Property,8595.903729876512
47,2021-01-07 11:41:54.572864320,2020-12-03 11:41:54.572864320,2021-01-07 11:41:54.572864320,Initial Reserve,0.0,3749.560297972373,1,Auto,0.0
47,2021-02-04 03:41:54.572864320,2020-12-03 11:41:54.572864320,2021-01-07 11:41:54.572864320,Partial Payment,1633.715286934104,2115.845011038269,2,Auto,1633.715286934104
47,2021-03-03 19:41:54.572864320,2020-12-03 11:41:54.572864320,2021-01-07 11:41:54.572864320,Partial Payment,1116.6951937626743,999.1498172755948,3,Auto,2750.410480696778
47,2021-03-31 11:41:54.572864320,2020-12-03 11:41:54.572864320,2021-01-07 11:41:54.572864320,Final Payment,999.1498172755948,0.0,4,Auto,3749.560297972373
48,2020-12-21 19:46:44.020100500,2020-12-10 19:46:44.020100500,2020-12-21 19:46:44.020100500,Initial Reserve,0.0,9683.828444744404,1,Property,0.0
48,2021-03-29 11:46:44.020100500,2020-12-10 19:46:44.020100500,2020-12-21 19:46:44.020100500,Partial Payment,3290.3378885385,6393.490556205904,2,Property,3290.3378885385
48,2021-07-05 03:46:44.020100500,2020-12-10 19:46:44.020100500,2020-12-21 19:46:44.020100500,Partial Payment,2539.934809536534,3853.55574666937,3,Property,5830.272698075034
48,2021-10-10 19:46:44.020100500,2020-12-10 19:46:44.020100500,2020-12-21 19:46:44.020100500,Final Payment,3853.55574666937,0.0,4,Property,9683.828444744404
49,2021-02-03 03:51:33.467336680,2020-12-18 03:51:33.467336680,2021-02-03 03:51:33.467336680,Initial Reserve,0.0,2305.922671637977,1,Property,0.0
49,2021-10-21 03:51:33.467336680,2020-12-18 03:51:33.467336680,2021-02-03 03:51:33.467336680,Partial Payment,1579.694756888407,726.2279147495701,2,Property,1579.694756888407
49,2022-07-08 03:51:33.467336680,2020-12-18 03:51:33.467336680,2021-02-03 03:51:33.467336680,Final Payment,726.2279147495701,0.0,3,Property,2305.922671637977
50,2021-02-21 11:56:22.914572864,2020-12-25 11:56:22.914572864,2021-02-21 11:56:22.914572864,Initial Reserve,0.0,3119.2051162459293,1,Auto,0.0
50,2021-03-29 11:56:22.914572864,2020-12-25 11:56:22.914572864,2021-02-21 11:56:22.914572864,Final Payment,3119.2051162459293,0.0,2,Auto,3119.2051162459293
51,2021-04-09 20:01:12.361809044,2021-01-01 20:01:12.361809044,2021-04-09 20:01:12.361809044,Initial Reserve,0.0,4110.679128894255,1,Liability,0.0
51,2021-07-08 20:01:12.361809044,2021-01-01 20:01:12.361809044,2021-04-09 20:01:12.361809044,Partial Payment,2627.756722934097,1482.922405960158,2,Liability,2627.756722934097
51,2021-10-06 20:01:12.361809044,2021-01-01 20:01:12.361809044,2021-04-09 20:01:12.361809044,Final Payment,1482.922405960158,0.0,3,Liability,4110.679128894255
52,2021-04-14 04:06:01.809045224,2021-01-09 04:06:01.809045224,2021-04-14 04:06:01.809045224,Initial Reserve,0.0,5789.223393317045,1,Property,0.0
52,2022-02-22 04:06:01.809045224,2021-01-09 04:06:01.809045224,2021-04-14 04:06:01.809045224,Final Payment,5789.223393317045,0.0,2,Property,5789.223393317045
53,2021-01-24 12:10:51.256281404,2021-01-16 12:10:51.256281404,2021-01-24 12:10:51.256281404,Initial Reserve,0.0,4540.788774493348,1,Liability,0.0
53,2021-10-27 12:10:51.256281404,2021-01-16 12:10:51.256281404,2021-01-24 12:10:51.256281404,Partial Payment,1833.4314380941382,2707.3573363992095,2,Liability,1833.4314380941382
53,2022-07-30 12:10:51.256281404,2021-01-16 12:10:51.256281404,2021-01-24 12:10:51.256281404,Final Payment,2707.3573363992095,0.0,3,Liability,4540.788774493348
54,2021-02-05 20:15:40.703517588,2021-01-23 20:15:40.703517588,2021-02-05 20:15:40.703517588,Initial Reserve,0.0,6342.895180663516,1,Liability,0.0
54,2021-04-20 20:15:40.703517588,2021-01-23 20:15:40.703517588,2021-02-05 20:15:40.703517588,Partial Payment,2582.9883843936695,3759.9067962698464,2,Liability,2582.9883843936695
54,2021-07-03 20:15:40.703517588,2021-01-23 20:15:40.703517588,2021-02-05 20:15:40.703517588,Final Payment,3759.9067962698464,0.0,3,Liability,6342.895180663516
55,2021-03-27 04:20:30.150753768,2021-01-31 04:20:30.150753768,2021-03-27 04:20:30.150753768,Initial Reserve,0.0,2703.4061738590212,1,Property,0.0
55,2022-01-06 04:20:30.150753768,2021-01-31 04:20:30.150753768,2021-03-27 04:20:30.150753768,Final Payment,2703.4061738590212,0.0,2,Property,2703.4061738590212
56,2021-04-03 12:25:19.597989948,2021-02-07 12:25:19.597989948,2021-04-03 12:25:19.597989948,Initial Reserve,0.0,4325.784408712307,1,Liability,0.0
56,2021-05-14 12:25:19.597989948,2021-02-07 12:25:19.597989948,2021-04-03 12:25:19.597989948,Partial Payment,1807.2534792241138,2518.5309294881927,2,Liability,1807.2534792241138
56,2021-06-24 12:25:19.597989948,2021-02-07 12:25:19.597989948,2021-04-03 12:25:19.597989948,Final Payment,2518.5309294881927,0.0,3,Liability,4325.784408712307
57,2021-04-10 20:30:09.045226128,2021-02-14 20:30:09.045226128,2021-04-10 20:30:09.045226128,Initial Reserve,0.0,5769.800904930865,1,Auto,0.0
57,2021-09-12 08:30:09.045226128,2021-02-14 20:30:09.045226128,2021-04-10 20:30:09.045226128,Partial Payment,1994.5923068204318,3775.208598110433,2,Auto,1994.5923068204318
57,2022-02-13 20:30:09.045226128,2021-02-14 20:30:09.045226128,2021-04-10 20:30:09.045226128,Final Payment,3775.208598110433,0.0,3,Auto,5769.800904930865
58,2025-06-01 04:34:58.492462312,2021-02-22 04:34:58.492462312,2025-06-01 04:34:58.492462312,Initial Reserve,0.0,6324.4530171460765,1,Auto,0.0
58,2025-08-18 16:34:58.492462312,2021-02-22 04:34:58.492462312,2025-06-01 04:34:58.492462312,Partial Payment,2358.027122569423,3966.4258945766533,2,Auto,2358.027122569423
58,2025-11-05 04:34:58.492462312,2021-02-22 04:34:58.492462312,2025-06-01 04:34:58.492462312,Final Payment,3966.4258945766533,0.0,3,Auto,6324.4530171460765
59,2021-04-29 12:39:47.939698488,2021-03-01 12:39:47.939698488,2021-04-29 12:39:47.939698488,Initial Reserve,0.0,5675.056969023483,1,Auto,0.0
59,2022-02-01 00:39:47.939698488,2021-03-01 12:39:47.939698488,2021-04-29 12:39:47.939698488,Partial Payment,3386.163355378493,2288.89361364499,2,Auto,3386.163355378493
59,2022-11-05 12:39:47.939698488,2021-03-01 12:39:47.939698488,2021-04-29 12:39:47.939698488,Final Payment,2288.89361364499,0.0,3,Auto,5675.056969023483
60,2021-06-19 20:44:37.386934672,2021-03-08 20:44:37.386934672,2021-06-19 20:44:37.386934672,Initial Reserve,0.0,2950.390988800026,1,Auto,0.0
60,2021-12-30 20:44:37.386934672,2021-03-08 20:44:37.386934672,2021-06-19 20:44:37.386934672,Partial Payment,1142.4186613203008,1807.9723274797254,2,Auto,1142.4186613203008
60,2022-07-12 20:44:37.386934672,2021-03-08 20:44:37.386934672,2021-06-19 20:44:37.386934672,Final Payment,1807.9723274797254,0.0,3,Auto,2950.390988800026
61,2021-06-10 04:49:26.834170856,2021-03-16 04:49:26.834170856,2021-06-10 04:49:26.834170856,Initial Reserve,0.0,2588.0758514997633,1,Auto,0.0
61,2021-06-26 16:49:26.834170856,2021-03-16 04:49:26.834170856,2021-06-10 04:49:26.834170856,Partial Payment,913.3591025464697,1674.7167489532935,2,Auto,913.3591025464697
61,2021-07-13 04:49:26.834170856,2021-03-16 04:49:26.834170856,2021-06-10 04:49:26.834170856,Final Payment,1674.7167489532935,0.0,3,Auto,2588.0758514997633
62,2021-05-26 12:54:16.281407032,2021-03-23 12:54:16.281407032,2021-05-26 12:54:16.281407032,Initial Reserve,0.0,8087.2815401962225,1,Auto,0.0
62,2021-09-07 12:54:16.281407032,2021-03-23 12:54:16.281407032,2021-05-26 12:54:16.281407032,Final Payment,8087.2815401962225,0.0,2,Auto,8087.2815401962225
63,2021-04-23 20:59:05.728643216,2021-03-30 20:59:05.728643216,2021-04-23 20:59:05.728643216,Initial Reserve,0.0,6764.845247716624,1,Liability,0.0
63,2021-05-29 08:59:05.728643216,2021-03-30 20:59:05.728643216,2021-04-23 20:59:05.728643216,Partial Payment,3589.4714701601606,3175.373777556463,2,Liability,3589.4714701601606
63,2021-07-03 20:59:05.728643216,2021-03-30 20:59:05.728643216,2021-04-23 20:59:05.728643216,Final Payment,3175.373777556463,0.0,3,Liability,6764.845247716624
64,2021-06-17 05:03:55.175879392,2021-04-07 05:03:55.175879392,2021-06-17 05:03:55.175879392,Initial Reserve,0.0,2795.1766948548257,1,Auto,0.0
64,2022-06-05 05:03:55.175879392,2021-04-07 05:03:55.175879392,2021-06-17 05:03:55.175879392,Partial Payment,1566.8870436862119,1228.2896511686138,2,Auto,1566.8870436862119
64,2023-05-24 05:03:55.175879392,2021-04-07 05:03:55.175879392,2021-06-17 05:03:55.175879392,Final Payment,1228.2896511686138,0.0,3,Auto,2795.1766948548257
65,2021-04-29 13:08:44.623115576,2021-04-14 13:08:44.623115576,2021-04-29 13:08:44.623115576,Initial Reserve,0.0,11614.285750640514,1,Auto,0.0
65,2022-03-24 13:08:44.623115576,2021-04-14 13:08:44.623115576,2021-04-29 13:08:44.623115576,Partial Payment,3535.369203634024,8078.916547006491,2,Auto,3535.369203634024
65,2023-02-16 13:08:44.623115576,2021-04-14 13:08:44.623115576,2021-04-29 13:08:44.623115576,Final Payment,8078.916547006491,0.0,3,Auto,11614.285750640514
66,2021-05-17 21:13:34.070351760,2021-04-21 21:13:34.070351760,2021-05-17 21:13:34.070351760,Initial Reserve,0.0,4715.171868271012,1,Property,0.0
66,2022-03-29 21:13:34.070351760,2021-04-21 21:13:34.070351760,2021-05-17 21:13:34.070351760,Final Payment,4715.171868271012,0.0,2,Property,4715.171868271012
67,2021-05-19 05:18:23.517587936,2021-04-29 05:18:23.517587936,2021-05-19 05:18:23.517587936,Initial Reserve,0.0,9686.217268721266,1,Auto,0.0
67,2022-04-03 17:18:23.517587936,2021-04-29 05:18:23.517587936,2021-05-19 05:18:23.517587936,Partial Payment,5232.559894092672,4453.657374628594,2,Auto,5232.559894092672
67,2023-02-17 05:18:23.517587936,2021-04-29 05:18:23.517587936,2021-05-19 05:18:23.517587936,Final Payment,4453.657374628594,0.0,3,Auto,9686.217268721266
68,2021-06-11 13:23:12.964824120,2021-05-06 13:23:12.964824120,2021-06-11 13:23:12.964824120,Initial Reserve,0.0,5071.8764010619625,1,Liability,0.0
68,2023-05-26 13:23:12.964824120,2021-05-06 13:23:12.964824120,2021-06-11 13:23:12.964824120,Final Payment,5071.8764010619625,0.0,2,Liability,5071.8764010619625
69,2022-04-13 21:28:02.412060296,2021-05-13 21:28:02.412060296,2022-04-13 21:28:02.412060296,Initial Reserve,0.0,13324.271515390865,1,Auto,0.0
69,2023-08-31 21:28:02.412060296,2021-05-13 21:28:02.412060296,2022-04-13 21:28:02.412060296,Final Payment,13324.271515390865,0.0,2,Auto,13324.271515390865
70,2021-05-26 05:32:51.859296480,2021-05-21 05:32:51.859296480,2021-05-26 05:32:51.859296480,Initial Reserve,0.0,11910.8938071755,1,Liability,0.0
70,2022-03-24 17:32:51.859296480,2021-05-21 05:32:51.859296480,2021-05-26 05:32:51.859296480,Partial Payment,5259.237897200672,6651.655909974828,2,Liability,5259.237897200672
70,2023-01-21 05:32:51.859296480,2021-05-21 05:32:51.859296480,2021-05-26 05:32:51.859296480,Final Payment,6651.655909974828,0.0,3,Liability,11910.8938071755
71,2021-08-02 13:37:41.306532664,2021-05-28 13:37:41.306532664,2021-08-02 13:37:41.306532664,Initial Reserve,0.0,4752.700655661825,1,Property,0.0
71,2022-07-29 13:37:41.306532664,2021-05-28 13:37:41.306532664,2021-08-02 13:37:41.306532664,Partial Payment,2572.450767148434,2180.2498885133914,2,Property,2572.450767148434
71,2023-07-25 13:37:41.306532664,2021-05-28 13:37:41.306532664,2021-08-02 13:37:41.306532664,Final Payment,2180.2498885133914,0.0,3,Property,4752.700655661825
72,2021-06-11 21:42:30.753768840,2021-06-04 21:42:30.753768840,2021-06-11 21:42:30.753768840,Initial Reserve,0.0,6609.067114462536,1,Auto,0.0
72,2021-11-21 09:42:30.753768840,2021-06-04 21:42:30.753768840,2021-06-11 21:42:30.753768840,Partial Payment,3138.496333748698,3470.570780713838,2,Auto,3138.496333748698
72,2022-05-02 21:42:30.753768840,2021-06-04 21:42:30.753768840,2021-06-11 21:42:30.753768840,Final Payment,3470.570780713838,0.0,3,Auto,6609.067114462536
73,2021-07-03 05:47:20.201005024,2021-06-12 05:47:20.201005024,2021-07-03 05:47:20.201005024,Initial Reserve,0.0,7387.851332538637,1,Auto,0.0
73,2022-03-16 05:47:20.201005024,2021-06-12 05:47:20.201005024,2021-07-03 05:47:20.201005024,Final Payment,7387.851332538637,0.0,2,Auto,7387.851332538637
74,2021-09-25 13:52:09.648241200,2021-06-19 13:52:09.648241200,2021-09-25 13:52:09.648241200,Initial Reserve,0.0,9649.77257366803,1,Liability,0.0
74,2022-08-17 13:52:09.648241200,2021-06-19 13:52:09.648241200,2021-09-25 13:52:09.648241200,Partial Payment,6577.620553346449,3072.1520203215805,2,Liability,6577.620553346449
74,2023-07-09 13:52:09.648241200,2021-06-19 13:52:09.648241200,2021-09-25 13:52:09.648241200,Final Payment,3072.1520203215805,0.0,3,Liability,9649.77257366803
75,2021-07-31 21:56:59.095477384,2021-06-26 21:56:59.095477384,2021-07-31 21:56:59.095477384,Initial Reserve,0.0,3315.921588522694,1,Property,0.0
75,2022-01-06 21:56:59.095477384,2021-06-26 21:56:59.095477384,2021-07-31 21:56:59.095477384,Partial Payment,1352.7782562827397,1963.1433322399544,2,Property,1352.7782562827397
75,2022-06-14 21:56:59.095477384,2021-06-26 21:56:59.095477384,2021-07-31 21:56:59.095477384,Final Payment,1963.1433322399544,0.0,3,Property,3315.921588522694
76,2021-07-15 06:01:48.542713568,2021-07-04 06:01:48.542713568,2021-07-15 06:01:48.542713568,Initial Reserve,0.0,6267.303915878818,1,Property,0.0
76,2021-10-14 06:01:48.542713568,2021-07-04 06:01:48.542713568,2021-07-15 06:01:48.542713568,Partial Payment,2009.1116556544837,4258.192260224334,2,Property,2009.1116556544837
76,2022-01-13 06:01:48.542713568,2021-07-04 06:01:48.542713568,2021-07-15 06:01:48.542713568,Partial Payment,2122.9068428948613,2135.2854173294727,3,Property,4132.018498549345
76,2022-04-14 06:01:48.542713568,2021-07-04 06:01:48.542713568,2021-07-15 06:01:48.542713568,Final Payment,2135.2854173294727,0.0,4,Property,6267.303915878818
77,2021-07-27 14:06:37.989949744,2021-07-11 14:06:37.989949744,2021-07-27 14:06:37.989949744,Initial Reserve,0.0,7190.8131918353165,1,Property,0.0
77,2022-03-14 14:06:37.989949744,2021-07-11 14:06:37.989949744,2021-07-27 14:06:37.989949744,Final Payment,7190.8131918353165,0.0,2,Property,7190.8131918353165
78,2021-09-21 22:11:27.437185928,2021-07-18 22:11:27.437185928,2021-09-21 22:11:27.437185928,Initial Reserve,0.0,2018.8291896609796,1,Auto,0.0
78,2021-11-11 22:11:27.437185928,2021-07-18 22:11:27.437185928,2021-09-21 22:11:27.437185928,Partial Payment,666.3248957041444,1352.5042939568352,2,Auto,666.3248957041444
78,2022-01-01 22:11:27.437185928,2021-07-18 22:11:27.437185928,2021-09-21 22:11:27.437185928,Final Payment,1352.5042939568352,0.0,3,Auto,2018.8291896609796
79,2021-08-11 06:16:16.884422112,2021-07-26 06:16:16.884422112,2021-08-11 06:16:16.884422112,Initial Reserve,0.0,2625.080778363337,1,Auto,0.0
79,2021-11-09 06:16:16.884422112,2021-07-26 06:16:16.884422112,2021-08-11 06:16:16.884422112,Final Payment,2625.080778363337,0.0,2,Auto,2625.080778363337
80,2021-09-12 14:21:06.331658288,2021-08-02 14:21:06.331658288,2021-09-12 14:21:06.331658288,Initial Reserve,0.0,1842.6213273699107,1,Auto,0.0
80,2021-09-30 14:21:06.331658288,2021-08-02 14:21:06.331658288,2021-09-12 14:21:06.331658288,Partial Payment,734.3966548324482,1108.2246725374625,2,Auto,734.3966548324482
80,2021-10-18 14:21:06.331658288,2021-08-02 14:21:06.331658288,2021-09-12 14:21:06.331658288,Partial Payment,695.5671608729054,412.6575116645571,3,Auto,1429.9638157053537
80,2021-11-05 14:21:06.331658288,2021-08-02 14:21:06.331658288,2021-09-12 14:21:06.331658288,Final Payment,412.6575116645571,0.0,4,Auto,1842.621327369911
81,2021-09-13 22:25:55.778894472,2021-08-09 22:25:55.778894472,2021-09-13 22:25:55.778894472,Initial Reserve,0.0,3440.331438040025,1,Liability,0.0
81,2022-12-21 22:25:55.778894472,2021-08-09 22:25:55.778894472,2021-09-13 22:25:55.778894472,Final Payment,3440.331438040025,0.0,2,Liability,3440.331438040025
82,2021-09-03 06:30:45.226130648,2021-08-17 06:30:45.226130648,2021-09-03 06:30:45.226130648,Initial Reserve,0.0,5643.449989691057,1,Property,0.0
82,2022-06-06 18:30:45.226130648,2021-08-17 06:30:45.226130648,2021-09-03 06:30:45.226130648,Partial Payment,2507.890250893291,3135.5597387977664,2,Property,2507.890250893291
82,2023-03-10 06:30:45.226130648,2021-08-17 06:30:45.226130648,2021-09-03 06:30:45.226130648,Final Payment,3135.5597387977664,0.0,3,Property,5643.449989691057
83,2022-06-03 14:35:34.673366832,2021-08-24 14:35:34.673366832,2022-06-03 14:35:34.673366832,Initial Reserve,0.0,12155.66382891294,1,Auto,0.0
83,2022-06-18 22:35:34.673366832,2021-08-24 14:35:34.673366832,2022-06-03 14:35:34.673366832,Partial Payment,8267.005480962473,3888.658347950468,2,Auto,8267.005480962473
83,2022-07-04 06:35:34.673366832,2021-08-24 14:35:34.673366832,2022-06-03 14:35:34.673366832,Partial Payment,1860.3431332839625,2028.3152146665054,3,Auto,10127.348614246435
83,2022-07-19 14:35:34.673366832,2021-08-24 14:35:34.673366832,2022-06-03 14:35:34.673366832,Final Payment,2028.3152146665054,0.0,4,Auto,12155.66382891294
84,2021-11-01 22:40:24.120603016,2021-08-31 22:40:24.120603016,2021-11-01 22:40:24.120603016,Initial Reserve,0.0,4257.095649540888,1,Auto,0.0
84,2022-05-27 22:40:24.120603016,2021-08-31 22:40:24.120603016,2021-11-01 22:40:24.120603016,Partial Payment,2763.614262939983,1493.4813866009054,2,Auto,2763.614262939983
84,2022-12-20 22:40:24.120603016,2021-08-31 22:40:24.120603016,2021-11-01 22:40:24.120603016,Partial Payment,885.4701114437282,608.0112751571771,3,Auto,3649.0843743837113
84,2023-07-15 22:40:24.120603016,2021-08-31 22:40:24.120603016,2021-11-01 22:40:24.120603016,Final Payment,608.0112751571771,0.0,4,Auto,4257.095649540888
85,2021-09-12 06:45:13.567839192,2021-09-08 06:45:13.567839192,2021-09-12 06:45:13.567839192,Initial Reserve,0.0,12245.307395677872,1,Auto,0.0
85,2023-02-08 06:45:13.567839192,2021-09-08 06:45:13.567839192,2021-09-12 06:45:13.567839192,Final Payment,12245.307395677872,0.0,2,Auto,12245.307395677872
86,2021-10-25 14:50:03.015075376,2021-09-15 14:50:03.015075376,2021-10-25 14:50:03.015075376,Initial Reserve,0.0,2600.3208865987535,1,Auto,0.0
86,2022-02-17 02:50:03.015075376,2021-09-15 14:50:03.015075376,2021-10-25 14:50:03.015075376,Partial Payment,1039.7830412404514,1560.537845358302,2,Auto,1039.7830412404514
86,2022-06-11 14:50:03.015075376,2021-09-15 14:50:03.015075376,2021-10-25 14:50:03.015075376,Final Payment,1560.537845358302,0.0,3,Auto,2600.3208865987535
87,2021-10-09 22:54:52.462311552,2021-09-22 22:54:52.462311552,2021-10-09 22:54:52.462311552,Initial Reserve,0.0,2220.128400752241,1,Property,0.0
87,2023-06-01 22:54:52.462311552,2021-09-22 22:54:52.462311552,2021-10-09 22:54:52.462311552,Final Payment,2220.128400752241,0.0,2,Property,2220.128400752241
88,2021-12-17 06:59:41.909547736,2021-09-30 06:59:41.909547736,2021-12-17 06:59:41.909547736,Initial Reserve,0.0,3922.7660716966266,1,Property,0.0
88,2022-09-26 18:59:41.909547736,2021-09-30 06:59:41.909547736,2021-12-17 06:59:41.909547736,Partial Payment,1238.694684689611,2684.071387007016,2,Property,1238.694684689611
88,2023-07-07 06:59:41.909547736,2021-09-30 06:59:41.909547736,2021-12-17 06:59:41.909547736,Final Payment,2684.071387007016,0.0,3,Property,3922.7660716966266
89,2021-10-22 15:04:31.356783920,2021-10-07 15:04:31.356783920,2021-10-22 15:04:31.356783920,Initial Reserve,0.0,6165.534154643156,1,Liability,0.0
89,2022-05-25 15:04:31.356783920,2021-10-07 15:04:31.356783920,2021-10-22 15:04:31.356783920,Partial Payment,2294.9976295405672,3870.536525102589,2,Liability,2294.9976295405672
89,2022-12-26 15:04:31.356783920,2021-10-07 15:04:31.356783920,2021-10-22 15:04:31.356783920,Final Payment,3870.536525102589,0.0,3,Liability,6165.534154643156
90,2021-11-13 23:09:20.804020096,2021-10-14 23:09:20.804020096,2021-11-13 23:09:20.804020096,Initial Reserve,0.0,4783.267511093078,1,Auto,0.0
90,2023-01-07 23:09:20.804020096,2021-10-14 23:09:20.804020096,2021-11-13 23:09:20.804020096,Final Payment,4783.267511093078,0.0,2,Auto,4783.267511093078
91,2021-12-16 07:14:10.251256280,2021-10-22 07:14:10.251256280,2021-12-16 07:14:10.251256280,Initial Reserve,0.0,1482.7457259003322,1,Auto,0.0
91,2022-09-16 07:14:10.251256280,2021-10-22 07:14:10.251256280,2021-12-16 07:14:10.251256280,Partial Payment,621.180905683042,861.5648202172902,2,Auto,621.180905683042
91,2023-06-17 07:14:10.251256280,2021-10-22 07:14:10.251256280,2021-12-16 07:14:10.251256280,Final Payment,861.5648202172902,0.0,3,Auto,1482.7457259003322
92,2022-01-16 15:18:59.698492456,2021-10-29 15:18:59.698492456,2022-01-16 15:18:59.698492456,Initial Reserve,0.0,4553.465962179782,1,Property,0.0
92,2022-09-26 15:18:59.698492456,2021-10-29 15:18:59.698492456,2022-01-16 15:18:59.698492456,Partial Payment,2229.7671063865387,2323.698855793243,2,Property,2229.7671063865387
92,2023-06-06 15:18:59.698492456,2021-10-29 15:18:59.698492456,2022-01-16 15:18:59.698492456,Final Payment,2323.698855793243,0.0,3,Property,4553.465962179782
93,2021-11-15 23:23:49.145728640,2021-11-05 23:23:49.145728640,2021-11-15 23:23:49.145728640,Initial Reserve,0.0,2104.208016928449,1,Property,0.0
93,2022-06-19 11:23:49.145728640,2021-11-05 23:23:49.145728640,2021-11-15 23:23:49.145728640,Partial Payment,1070.9868143943625,1033.2212025340866,2,Property,1070.9868143943625
93,2023-01-20 23:23:49.145728640,2021-11-05 23:23:49.145728640,2021-11-15 23:23:49.145728640,Final Payment,1033.2212025340866,0.0,3,Property,2104.208016928449
94,2021-12-07 07:28:38.592964824,2021-11-13 07:28:38.592964824,2021-12-07 07:28:38.592964824,Initial Reserve,0.0,5597.232542457459,1,Property,0.0
94,2022-02-07 23:28:38.592964824,2021-11-13 07:28:38.592964824,2021-12-07 07:28:38.592964824,Partial Payment,2495.687887860101,3101.544654597358,2,Property,2495.687887860101
94,2022-04-11 15:28:38.592964824,2021-11-13 07:28:38.592964824,2021-12-07 07:28:38.592964824,Partial Payment,1626.0495379857052,1475.495116611653,3,Property,4121.737425845806
94,2022-06-13 07:28:38.592964824,2021-11-13 07:28:38.592964824,2021-12-07 07:28:38.592964824,Final Payment,1475.495116611653,0.0,4,Property,5597.232542457459
95,2021-12-11 15:33:28.040201000,2021-11-20 15:33:28.040201000,2021-12-11 15:33:28.040201000,Initial Reserve,0.0,4904.508982514408,1,Property,0.0
95,2022-06-29 15:33:28.040201000,2021-11-20 15:33:28.040201000,2021-12-11 15:33:28.040201000,Final Payment,4904.508982514408,0.0,2,Property,4904.508982514408
96,2021-12-14 23:38:17.487437184,2021-11-27 23:38:17.487437184,2021-12-14 23:38:17.487437184,Initial Reserve,0.0,3348.117115384939,1,Auto,0.0
96,2022-06-29 11:38:17.487437184,2021-11-27 23:38:17.487437184,2021-12-14 23:38:17.487437184,Partial Payment,1771.057206087737,1577.059909297202,2,Auto,1771.057206087737
96,2023-01-11 23:38:17.487437184,2021-11-27 23:38:17.487437184,2021-12-14 23:38:17.487437184,Final Payment,1577.059909297202,0.0,3,Auto,3348.117115384939
97,2022-06-17 07:43:06.934673360,2021-12-05 07:43:06.934673360,2022-06-17 07:43:06.934673360,Initial Reserve,0.0,3859.568390882257,1,Property,0.0
97,2023-08-17 07:43:06.934673360,2021-12-05 07:43:06.934673360,2022-06-17 07:43:06.934673360,Final Payment,3859.568390882257,0.0,2,Property,3859.568390882257
98,2022-01-31 15:47:56.381909544,2021-12-12 15:47:56.381909544,2022-01-31 15:47:56.381909544,Initial Reserve,0.0,2917.34660399562,1,Auto,0.0
98,2022-10-19 15:47:56.381909544,2021-12-12 15:47:56.381909544,2022-01-31 15:47:56.381909544,Partial Payment,1593.8785334265106,1323.4680705691096,2,Auto,1593.8785334265106
98,2023-07-07 15:47:56.381909544,2021-12-12 15:47:56.381909544,2022-01-31 15:47:56.381909544,Final Payment,1323.4680705691096,0.0,3,Auto,2917.34660399562
99,2021-12-28 23:52:45.829145728,2021-12-19 23:52:45.829145728,2021-12-28 23:52:45.829145728,Initial Reserve,0.0,4605.95830160631,1,Auto,0.0
99,2022-04-07 11:52:45.829145728,2021-12-19 23:52:45.829145728,2021-12-28 23:52:45.829145728,Partial Payment,3206.375807925994,1399.5824936803156,2,Auto,3206.375807925994
99,2022-07-15 23:52:45.829145728,2021-12-19 23:52:45.829145728,2021-12-28 23:52:45.829145728,Final Payment,1399.5824936803156,0.0,3,Auto,4605.95830160631
100,2022-03-20 07:57:35.276381904,2021-12-27 07:57:35.276381904,2022-03-20 07:57:35.276381904,Initial Reserve,0.0,9110.91849811163,1,Auto,0.0
100,2022-05-15 23:57:35.276381904,2021-12-27 07:57:35.276381904,2022-03-20 07:57:35.276381904,Partial Payment,4132.5810323441,4978.33746576753,2,Auto,4132.5810323441
100,2022-07-11 15:57:35.276381904,2021-12-27 07:57:35.276381904,2022-03-20 07:57:35.276381904,Partial Payment,3350.6001542456524,1627.737311521878,3,Auto,7483.1811865897525
100,2022-09-06 07:57:35.276381904,2021-12-27 07:57:35.276381904,2022-03-20 07:57:35.276381904,Final Payment,1627.737311521878,0.0,4,Auto,9110.91849811163
101,2022-10-06 16:02:24.723618088,2022-01-03 16:02:24.723618088,2022-10-06 16:02:24.723618088,Initial Reserve,0.0,3600.2910237581377,1,Auto,0.0
101,2022-10-26 00:02:24.723618088,2022-01-03 16:02:24.723618088,2022-10-06 16:02:24.723618088,Partial Payment,2184.9277511958812,1415.3632725622565,2,Auto,2184.9277511958812
101,2022-11-14 08:02:24.723618088,2022-01-03 16:02:24.723618088,2022-10-06 16:02:24.723618088,Partial Payment,652.1602830606428,763.2029895016137,3,Auto,2837.088034256524
101,2022-12-03 16:02:24.723618088,2022-01-03 16:02:24.723618088,2022-10-06 16:02:24.723618088,Final Payment,763.2029895016137,0.0,4,Auto,3600.2910237581377
102,2022-04-14 00:07:14.170854272,2022-01-11 00:07:14.170854272,2022-04-14 00:07:14.170854272,Initial Reserve,0.0,6272.329130774921,1,Property,0.0
102,2023-02-09 00:07:14.170854272,2022-01-11 00:07:14.170854272,2022-04-14 00:07:14.170854272,Final Payment,6272.329130774921,0.0,2,Property,6272.329130774921
103,2022-01-25 08:12:03.618090448,2022-01-18 08:12:03.618090448,2022-01-25 08:12:03.618090448,Initial Reserve,0.0,3616.761272278297,1,Auto,0.0
103,2022-06-03 16:12:03.618090448,2022-01-18 08:12:03.618090448,2022-01-25 08:12:03.618090448,Partial Payment,1840.959252213851,1775.802020064446,2,Auto,1840.959252213851
103,2022-10-11 00:12:03.618090448,2022-01-18 08:12:03.618090448,2022-01-25 08:12:03.618090448,Partial Payment,1052.888507793228,722.913512271218,3,Auto,2893.847760007079
103,2023-02-17 08:12:03.618090448,2022-01-18 08:12:03.618090448,2022-01-25 08:12:03.618090448,Final Payment,722.913512271218,0.0,4,Auto,3616.761272278297
104,2022-02-14 16:16:53.065326632,2022-01-25 16:16:53.065326632,2022-02-14 16:16:53.065326632,Initial Reserve,0.0,2791.0851308233646,1,Property,0.0
104,2022-08-04 16:16:53.065326632,2022-01-25 16:16:53.065326632,2022-02-14 16:16:53.065326632,Final Payment,2791.0851308233646,0.0,2,Property,2791.0851308233646
105,2022-05-31 00:21:42.512562808,2022-02-02 00:21:42.512562808,2022-05-31 00:21:42.512562808,Initial Reserve,0.0,5316.142174424564,1,Liability,0.0
105,2022-08-26 12:21:42.512562808,2022-02-02 00:21:42.512562808,2022-05-31 00:21:42.512562808,Partial Payment,2091.599459378929,3224.5427150456344,2,Liability,2091.599459378929
105,2022-11-22 00:21:42.512562808,2022-02-02 00:21:42.512562808,2022-05-31 00:21:42.512562808,Final Payment,3224.5427150456344,0.0,3,Liability,5316.142174424564
106,2022-02-25 08:26:31.959798992,2022-02-09 08:26:31.959798992,2022-02-25 08:26:31.959798992,Initial Reserve,0.0,2667.944230809929,1,Auto,0.0
106,2023-11-01 08:26:31.959798992,2022-02-09 08:26:31.959798992,2022-02-25 08:26:31.959798992,Final Payment,2667.944230809929,0.0,2,Auto,2667.944230809929
107,2022-04-09 16:31:21.407035176,2022-02-16 16:31:21.407035176,2022-04-09 16:31:21.407035176,Initial Reserve,0.0,3553.905628737626,1,Auto,0.0
107,2022-08-12 00:31:21.407035176,2022-02-16 16:31:21.407035176,2022-04-09 16:31:21.407035176,Partial Payment,1243.0674227427512,2310.838205994875,2,Auto,1243.0674227427512
107,2022-12-14 08:31:21.407035176,2022-02-16 16:31:21.407035176,2022-04-09 16:31:21.407035176,Partial Payment,1577.3002356918857,733.5379703029892,3,Auto,2820.3676584346367
107,2023-04-17 16:31:21.407035176,2022-02-16 16:31:21.407035176,2022-04-09 16:31:21.407035176,Final Payment,733.5379703029892,0.0,4,Auto,3553.905628737626
108,2022-05-07 00:36:10.854271352,2022-02-24 00:36:10.854271352,2022-05-07 00:36:10.854271352,Initial Reserve,0.0,3009.419796269661,1,Property,0.0
108,2023-06-20 00:36:10.854271352,2022-02-24 00:36:10.854271352,2022-05-07 00:36:10.854271352,Final Payment,3009.419796269661,0.0,2,Property,3009.419796269661
109,2022-03-16 08:41:00.301507536,2022-03-03 08:41:00.301507536,2022-03-16 08:41:00.301507536,Initial Reserve,0.0,15658.619005529425,1,Auto,0.0
109,2022-09-06 08:41:00.301507536,2022-03-03 08:41:00.301507536,2022-03-16 08:41:00.301507536,Partial Payment,10614.865221412638,5043.753784116787,2,Auto,10614.865221412638
109,2023-02-27 08:41:00.301507536,2022-03-03 08:41:00.301507536,2022-03-16 08:41:00.301507536,Final Payment,5043.753784116787,0.0,3,Auto,15658.619005529425
110,2022-04-10 16:45:49.748743712,2022-03-10 16:45:49.748743712,2022-04-10 16:45:49.748743712,Initial Reserve,0.0,5809.991596545786,1,Auto,0.0
110,2022-07-04 16:45:49.748743712,2022-03-10 16:45:49.748743712,2022-04-10 16:45:49.748743712,Partial Payment,2131.183808216871,3678.8077883289147,2,Auto,2131.183808216871
110,2022-09-27 16:45:49.748743712,2022-03-10 16:45:49.748743712,2022-04-10 16:45:49.748743712,Partial Payment,2562.169881050666,1116.6379072782488,3,Auto,4693.3536892675365
110,2022-12-21 16:45:49.748743712,2022-03-10 16:45:49.748743712,2022-04-10 16:45:49.748743712,Final Payment,1116.6379072782488,0.0,4,Auto,5809.991596545786
111,2022-03-19 00:50:39.195979896,2022-03-18 00:50:39.195979896,2022-03-19 00:50:39.195979896,Initial Reserve,0.0,3327.48548077697,1,Auto,0.0
111,2022-10-06 08:50:39.195979896,2022-03-18 00:50:39.195979896,2022-03-19 00:50:39.195979896,Partial Payment,1305.13190477534,2022.3535760016298,2,Auto,1305.13190477534
111,2023-04-25 16:50:39.195979896,2022-03-18 00:50:39.195979896,2022-03-19 00:50:39.195979896,Partial Payment,1278.647219261278,743.7063567403518,3,Auto,2583.7791240366178
111,2023-11-13 00:50:39.195979896,2022-03-18 00:50:39.195979896,2022-03-19 00:50:39.195979896,Final Payment,743.7063567403518,0.0,4,Auto,3327.48548077697
112,2022-04-06 08:55:28.643216080,2022-03-25 08:55:28.643216080,2022-04-06 08:55:28.643216080,Initial Reserve,0.0,4880.4914037365315,1,Auto,0.0
112,2022-08-11 20:55:28.643216080,2022-03-25 08:55:28.643216080,2022-04-06 08:55:28.643216080,Partial Payment,2213.96779217654,2666.5236115599914,2,Auto,2213.96779217654
112,2022-12-17 08:55:28.643216080,2022-03-25 08:55:28.643216080,2022-04-06 08:55:28.643216080,Final Payment,2666.5236115599914,0.0,3,Auto,4880.4914037365315
113,2022-04-27 17:00:18.090452256,2022-04-01 17:00:18.090452256,2022-04-27 17:00:18.090452256,Initial Reserve,0.0,4063.5742219725344,1,Liability,0.0
113,2023-02-09 17:00:18.090452256,2022-04-01 17:00:18.090452256,2022-04-27 17:00:18.090452256,Final Payment,4063.5742219725344,0.0,2,Liability,4063.5742219725344
114,2022-04-19 01:05:07.537688440,2022-04-09 01:05:07.537688440,2022-04-19 01:05:07.537688440,Initial Reserve,0.0,4930.116458703479,1,Liability,0.0
114,2022-05-30 13:05:07.537688440,2022-04-09 01:05:07.537688440,2022-04-19 01:05:07.537688440,Partial Payment,3390.1504684230613,1539.9659902804178,2,Liability,3390.1504684230613
114,2022-07-11 01:05:07.537688440,2022-04-09 01:05:07.537688440,2022-04-19 01:05:07.537688440,Final Payment,1539.9659902804178,0.0,3,Liability,4930.116458703479
115,2022-10-02 09:09:56.984924624,2022-04-16 09:09:56.984924624,2022-10-02 09:09:56.984924624,Initial Reserve,0.0,6730.201925564657,1,Property,0.0
115,2022-11-20 09:09:56.984924624,2022-04-16 09:09:56.984924624,2022-10-02 09:09:56.984924624,Final Payment,6730.201925564657,0.0,2,Property,6730.201925564657
116,2022-05-01 17:14:46.432160800,2022-04-23 17:14:46.432160800,2022-05-01 17:14:46.432160800,Initial Reserve,0.0,7249.708843253947,1,Liability,0.0
116,2023-01-16 05:14:46.432160800,2022-04-23 17:14:46.432160800,2022-05-01 17:14:46.432160800,Partial Payment,3669.071626325267,3580.6372169286797,2,Liability,3669.071626325267
116,2023-10-02 17:14:46.432160800,2022-04-23 17:14:46.432160800,2022-05-01 17:14:46.432160800,Final Payment,3580.6372169286797,0.0,3,Liability,7249.708843253947
117,2022-05-22 01:19:35.879396976,2022-05-01 01:19:35.879396976,2022-05-22 01:19:35.879396976,Initial Reserve,0.0,4065.275569550952,1,Liability,0.0
117,2022-09-21 13:19:35.879396976,2022-05-01 01:19:35.879396976,2022-05-22 01:19:35.879396976,Partial Payment,2678.912770018943,1386.362799532009,2,Liability,2678.912770018943
117,2023-01-22 01:19:35.879396976,2022-05-01 01:19:35.879396976,2022-05-22 01:19:35.879396976,Final Payment,1386.362799532009,0.0,3,Liability,4065.275569550952
118,2022-06-15 09:24:25.326633168,2022-05-08 09:24:25.326633168,2022-06-15 09:24:25.326633168,Initial Reserve,0.0,3279.0389491821343,1,Auto,0.0
118,2022-08-04 01:24:25.326633168,2022-05-08 09:24:25.326633168,2022-06-15 09:24:25.326633168,Partial Payment,1964.6317322769355,1314.4072169051988,2,Auto,1964.6317322769355
118,2022-09-22 17:24:25.326633168,2022-05-08 09:24:25.326633168,2022-06-15 09:24:25.326633168,Partial Payment,412.65297236351785,901.7542445416809,3,Auto,2377.284704640453
118,2022-11-11 09:24:25.326633168,2022-05-08 09:24:25.326633168,2022-06-15 09:24:25.326633168,Final Payment,901.7542445416809,0.0,4,Auto,3279.0389491821343
119,2022-10-02 17:29:14.773869344,2022-05-15 17:29:14.773869344,2022-10-02 17:29:14.773869344,Initial Reserve,0.0,4900.289596090625,1,Liability,0.0
119,2023-02-27 17:29:14.773869344,2022-05-15 17:29:14.773869344,2022-10-02 17:29:14.773869344,Partial Payment,3190.0118132769308,1710.2777828136946,2,Liability,3190.0118132769308
119,2023-07-25 17:29:14.773869344,2022-05-15 17:29:14.773869344,2022-10-02 17:29:14.773869344,Final Payment,1710.2777828136946,0.0,3,Liability,4900.289596090625
120,2022-05-31 01:34:04.221105520,2022-05-23 01:34:04.221105520,2022-05-31 01:34:04.221105520,Initial Reserve,0.0,1413.5079760356452,1,Property,0.0
120,2022-12-07 01:34:04.221105520,2022-05-23 01:34:04.221105520,2022-05-31 01:34:04.221105520,Partial Payment,926.5533926431591,486.95458339248614,2,Property,926.5533926431591
120,2023-06-15 01:34:04.221105520,2022-05-23 01:34:04.221105520,2022-05-31 01:34:04.221105520,Partial Payment,332.22992589329573,154.7246574991904,3,Property,1258.7833185364548
120,2023-12-22 01:34:04.221105520,2022-05-23 01:34:04.221105520,2022-05-31 01:34:04.221105520,Final Payment,154.7246574991904,0.0,4,Property,1413.5079760356452
121,2022-09-13 09:38:53.668341712,2022-05-30 09:38:53.668341712,2022-09-13 09:38:53.668341712,Initial Reserve,0.0,2589.261252530747,1,Liability,0.0
121,2022-10-17 21:38:53.668341712,2022-05-30 09:38:53.668341712,2022-09-13 09:38:53.668341712,Partial Payment,1741.6298019069459,847.6314506238009,2,Liability,1741.6298019069459
121,2022-11-21 09:38:53.668341712,2022-05-30 09:38:53.668341712,2022-09-13 09:38:53.668341712,Final Payment,847.6314506238009,0.0,3,Liability,2589.261252530747
122,2022-07-09 17:43:43.115577888,2022-06-06 17:43:43.115577888,2022-07-09 17:43:43.115577888,Initial Reserve,0.0,8126.350785478247,1,Liability,0.0
122,2022-08-29 17:43:43.115577888,2022-06-06 17:43:43.115577888,2022-07-09 17:43:43.115577888,Partial Payment,3649.3442848281707,4477.006500650077,2,Liability,3649.3442848281707
122,2022-10-19 17:43:43.115577888,2022-06-06 17:43:43.115577888,2022-07-09 17:43:43.115577888,Partial Payment,1808.269701580397,2668.7367990696803,3,Liability,5457.613986408567
122,2022-12-09 17:43:43.115577888,2022-06-06 17:43:43.115577888,2022-07-09 17:43:43.115577888,Final Payment,2668.7367990696803,0.0,4,Liability,8126.350785478247
123,2022-06-26 01:48:32.562814064,2022-06-14 01:48:32.562814064,2022-06-26 01:48:32.562814064,Initial Reserve,0.0,9167.675502644293,1,Auto,0.0
123,2023-10-22 01:48:32.562814064,2022-06-14 01:48:32.562814064,2022-06-26 01:48:32.562814064,Final Payment,9167.675502644293,0.0,2,Auto,9167.675502644293
124,2022-08-13 09:53:22.010050240,2022-06-21 09:53:22.010050240,2022-08-13 09:53:22.010050240,Initial Reserve,0.0,3853.669671685173,1,Auto,0.0
124,2024-04-26 09:53:22.010050240,2022-06-21 09:53:22.010050240,2022-08-13 09:53:22.010050240,Final Payment,3853.669671685173,0.0,2,Auto,3853.669671685173
125,2022-08-07 17:58:11.457286432,2022-06-28 17:58:11.457286432,2022-08-07 17:58:11.457286432,Initial Reserve,0.0,6544.200446949496,1,Auto,0.0
125,2022-12-12 05:58:11.457286432,2022-06-28 17:58:11.457286432,2022-08-07 17:58:11.457286432,Partial Payment,3314.189956584198,3230.0104903652978,2,Auto,3314.189956584198
125,2023-04-17 17:58:11.457286432,2022-06-28 17:58:11.457286432,2022-08-07 17:58:11.457286432,Final Payment,3230.0104903652978,0.0,3,Auto,6544.200446949496
126,2022-07-24 02:03:00.904522608,2022-07-06 02:03:00.904522608,2022-07-24 02:03:00.904522608,Initial Reserve,0.0,6488.133996595976,1,Auto,0.0
126,2023-02-08 02:03:00.904522608,2022-07-06 02:03:00.904522608,2022-07-24 02:03:00.904522608,Partial Payment,3664.788775909553,2823.345220686423,2,Auto,3664.788775909553
126,2023-08-26 02:03:00.904522608,2022-07-06 02:03:00.904522608,2022-07-24 02:03:00.904522608,Partial Payment,1461.1137986077424,1362.2314220786807,3,Auto,5125.902574517295
126,2024-03-12 02:03:00.904522608,2022-07-06 02:03:00.904522608,2022-07-24 02:03:00.904522608,Final Payment,1362.2314220786807,0.0,4,Auto,6488.133996595976
127,2022-08-18 10:07:50.351758784,2022-07-13 10:07:50.351758784,2022-08-18 10:07:50.351758784,Initial Reserve,0.0,20777.368504781232,1,Liability,0.0
127,2023-06-05 10:07:50.351758784,2022-07-13 10:07:50.351758784,2022-08-18 10:07:50.351758784,Final Payment,20777.368504781232,0.0,2,Liability,20777.368504781232
128,2022-08-12 18:12:39.798994976,2022-07-20 18:12:39.798994976,2022-08-12 18:12:39.798994976,Initial Reserve,0.0,9869.134819163482,1,Liability,0.0
128,2022-09-22 02:12:39.798994976,2022-07-20 18:12:39.798994976,2022-08-12 18:12:39.798994976,Partial Payment,6318.54274940835,3550.592069755133,2,Liability,6318.54274940835
128,2022-11-01 10:12:39.798994976,2022-07-20 18:12:39.798994976,2022-08-12 18:12:39.798994976,Partial Payment,2296.940785755535,1253.6512839995976,3,Liability,8615.483535163885
128,2022-12-11 18:12:39.798994976,2022-07-20 18:12:39.798994976,2022-08-12 18:12:39.798994976,Final Payment,1253.6512839995976,0.0,4,Liability,9869.134819163482
129,2022-09-03 02:17:29.246231152,2022-07-28 02:17:29.246231152,2022-09-03 02:17:29.246231152,Initial Reserve,0.0,4304.164445365123,1,Auto,0.0
129,2024-04-11 02:17:29.246231152,2022-07-28 02:17:29.246231152,2022-09-03 02:17:29.246231152,Final Payment,4304.164445365123,0.0,2,Auto,4304.164445365123
130,2022-10-07 10:22:18.693467328,2022-08-04 10:22:18.693467328,2022-10-07 10:22:18.693467328,Initial Reserve,0.0,3572.330994257267,1,Property,0.0
130,2023-10-27 10:22:18.693467328,2022-08-04 10:22:18.693467328,2022-10-07 10:22:18.693467328,Final Payment,3572.330994257267,0.0,2,Property,3572.330994257267
131,2023-01-20 18:27:08.140703520,2022-08-11 18:27:08.140703520,2023-01-20 18:27:08.140703520,Initial Reserve,0.0,2376.4505488809045,1,Auto,0.0
131,2023-09-20 18:27:08.140703520,2022-08-11 18:27:08.140703520,2023-01-20 18:27:08.140703520,Partial Payment,863.7020404758867,1512.7485084050177,2,Auto,863.7020404758867
131,2024-05-20 18:27:08.140703520,2022-08-11 18:27:08.140703520,2023-01-20 18:27:08.140703520,Partial Payment,986.838923351815,525.9095850532027,3,Auto,1850.5409638277017
131,2025-01-18 18:27:08.140703520,2022-08-11 18:27:08.140703520,2023-01-20 18:27:08.140703520,Final Payment,525.9095850532027,0.0,4,Auto,2376.4505488809045
132,2022-08-29 02:31:57.587939696,2022-08-19 02:31:57.587939696,2022-08-29 02:31:57.587939696,Initial Reserve,0.0,5365.917960247238,1,Auto,0.0
132,2022-09-28 02:31:57.587939696,2022-08-19 02:31:57.587939696,2022-08-29 02:31:57.587939696,Partial Payment,3382.28136156556,1983.6365986816777,2,Auto,3382.28136156556
132,2022-10-28 02:31:57.587939696,2022-08-19 02:31:57.587939696,2022-08-29 02:31:57.587939696,Final Payment,1983.6365986816777,0.0,3,Auto,5365.917960247238
133,2023-06-02 10:36:47.035175872,2022-08-26 10:36:47.035175872,2023-06-02 10:36:47.035175872,Initial Reserve,0.0,3798.084984967943,1,Auto,0.0
133,2024-01-21 10:36:47.035175872,2022-08-26 10:36:47.035175872,2023-06-02 10:36:47.035175872,Partial Payment,2268.9885132587237,1529.0964717092193,2,Auto,2268.9885132587237
133,2024-09-10 10:36:47.035175872,2022-08-26 10:36:47.035175872,2023-06-02 10:36:47.035175872,Final Payment,1529.0964717092193,0.0,3,Auto,3798.084984967943
134,2022-09-07 18:41:36.482412064,2022-09-02 18:41:36.482412064,2022-09-07 18:41:36.482412064,Initial Reserve,0.0,1931.9614004273571,1,Auto,0.0
134,2022-12-12 10:41:36.482412064,2022-09-02 18:41:36.482412064,2022-09-07 18:41:36.482412064,Partial Payment,1222.64886484449,709.3125355828672,2,Auto,1222.64886484449
134,2023-03-18 02:41:36.482412064,2022-09-02 18:41:36.482412064,2022-09-07 18:41:36.482412064,Partial Payment,356.7750506590162,352.537484923851,3,Auto,1579.4239155035061
134,2023-06-21 18:41:36.482412064,2022-09-02 18:41:36.482412064,2022-09-07 18:41:36.482412064,Final Payment,352.537484923851,0.0,4,Auto,1931.9614004273571
135,2022-10-08 02:46:25.929648240,2022-09-10 02:46:25.929648240,2022-10-08 02:46:25.929648240,Initial Reserve,0.0,3120.5210277066763,1,Liability,0.0
135,2023-04-10 18:46:25.929648240,2022-09-10 02:46:25.929648240,2022-10-08 02:46:25.929648240,Partial Payment,1706.2096768519164,1414.31135085476,2,Liability,1706.2096768519164
135,2023-10-12 10:46:25.929648240,2022-09-10 02:46:25.929648240,2022-10-08 02:46:25.929648240,Partial Payment,979.3745048108217,434.9368460439382,3,Liability,2685.584181662738
135,2024-04-14 02:46:25.929648240,2022-09-10 02:46:25.929648240,2022-10-08 02:46:25.929648240,Final Payment,434.9368460439382,0.0,4,Liability,3120.5210277066763
136,2022-11-16 10:51:15.376884416,2022-09-17 10:51:15.376884416,2022-11-16 10:51:15.376884416,Initial Reserve,0.0,2422.09955998606,1,Auto,0.0
136,2024-11-14 10:51:15.376884416,2022-09-17 10:51:15.376884416,2022-11-16 10:51:15.376884416,Final Payment,2422.09955998606,0.0,2,Auto,2422.09955998606
137,2022-11-07 18:56:04.824120592,2022-09-24 18:56:04.824120592,2022-11-07 18:56:04.824120592,Initial Reserve,0.0,12704.038007801273,1,Property,0.0
137,2023-10-28 18:56:04.824120592,2022-09-24 18:56:04.824120592,2022-11-07 18:56:04.824120592,Final Payment,12704.038007801273,0.0,2,Property,12704.038007801273
138,2022-10-20 03:00:54.271356784,2022-10-02 03:00:54.271356784,2022-10-20 03:00:54.271356784,Initial Reserve,0.0,8434.896065697256,1,Property,0.0
138,2023-05-13 03:00:54.271356784,2022-10-02 03:00:54.271356784,2022-10-20 03:00:54.271356784,Partial Payment,3988.8312547047167,4446.064810992539,2,Property,3988.8312547047167
138,2023-12-04 03:00:54.271356784,2022-10-02 03:00:54.271356784,2022-10-20 03:00:54.271356784,Partial Payment,2827.913303416123,1618.1515075764155,3,Property,6816.744558120839
138,2024-06-26 03:00:54.271356784,2022-10-02 03:00:54.271356784,2022-10-20 03:00:54.271356784,Final Payment,1618.1515075764155,0.0,4,Property,8434.896065697256
139,2022-11-05 11:05:43.718592960,2022-10-09 11:05:43.718592960,2022-11-05 11:05:43.718592960,Initial Reserve,0.0,5741.169049061899,1,Auto,0.0
139,2023-02-15 19:05:43.718592960,2022-10-09 11:05:43.718592960,2022-11-05 11:05:43.718592960,Partial Payment,3874.665587846977,1866.5034612149225,2,Auto,3874.665587846977
139,2023-05-29 03:05:43.718592960,2022-10-09 11:05:43.718592960,2022-11-05 11:05:43.718592960,Partial Payment,1073.5274710023948,792.9759902125277,3,Auto,4948.1930588493715
139,2023-09-08 11:05:43.718592960,2022-10-09 11:05:43.718592960,2022-11-05 11:05:43.718592960,Final Payment,792.9759902125277,0.0,4,Auto,5741.169049061899
140,2022-11-05 19:10:33.165829136,2022-10-16 19:10:33.165829136,2022-11-05 19:10:33.165829136,Initial Reserve,0.0,12143.751488982589,1,Liability,0.0
140,2023-02-24 07:10:33.165829136,2022-10-16 19:10:33.165829136,2022-11-05 19:10:33.165829136,Partial Payment,7083.071789071595,5060.679699910994,2,Liability,7083.071789071595
140,2023-06-14 19:10:33.165829136,2022-10-16 19:10:33.165829136,2022-11-05 19:10:33.165829136,Final Payment,5060.679699910994,0.0,3,Liability,12143.751488982589
141,2022-11-11 03:15:22.613065328,2022-10-24 03:15:22.613065328,2022-11-11 03:15:22.613065328,Initial Reserve,0.0,5534.826045661234,1,Liability,0.0
141,2022-12-06 15:15:22.613065328,2022-10-24 03:15:22.613065328,2022-11-11 03:15:22.613065328,Partial Payment,3035.111565656235,2499.714480004999,2,Liability,3035.111565656235
141,2023-01-01 03:15:22.613065328,2022-10-24 03:15:22.613065328,2022-11-11 03:15:22.613065328,Final Payment,2499.714480004999,0.0,3,Liability,5534.826045661234
142,2023-01-16 11:20:12.060301504,2022-10-31 11:20:12.060301504,2023-01-16 11:20:12.060301504,Initial Reserve,0.0,3645.442982749056,1,Auto,0.0
142,2023-04-26 03:20:12.060301504,2022-10-31 11:20:12.060301504,2023-01-16 11:20:12.060301504,Partial Payment,2513.1523074132583,1132.2906753357975,2,Auto,2513.1523074132583
142,2023-08-03 19:20:12.060301504,2022-10-31 11:20:12.060301504,2023-01-16 11:20:12.060301504,Partial Payment,778.507747032473,353.7829283033244,3,Auto,3291.6600544457315
142,2023-11-11 11:20:12.060301504,2022-10-31 11:20:12.060301504,2023-01-16 11:20:12.060301504,Final Payment,353.7829283033244,0.0,4,Auto,3645.442982749056
143,2022-12-24 19:25:01.507537680,2022-11-07 19:25:01.507537680,2022-12-24 19:25:01.507537680,Initial Reserve,0.0,8968.14021026775,1,Auto,0.0
143,2023-05-10 11:25:01.507537680,2022-11-07 19:25:01.507537680,2022-12-24 19:25:01.507537680,Partial Payment,4066.5574781584683,4901.582732109281,2,Auto,4066.5574781584683
143,2023-09-24 03:25:01.507537680,2022-11-07 19:25:01.507537680,2022-12-24 19:25:01.507537680,Partial Payment,1599.14361044034,3302.439121668941,3,Auto,5665.701088598808
143,2024-02-07 19:25:01.507537680,2022-11-07 19:25:01.507537680,2022-12-24 19:25:01.507537680,Final Payment,3302.439121668941,0.0,4,Auto,8968.14021026775
144,2022-12-02 03:29:50.954773872,2022-11-15 03:29:50.954773872,2022-12-02 03:29:50.954773872,Initial Reserve,0.0,5980.656693101115,1,Auto,0.0
144,2023-03-20 03:29:50.954773872,2022-11-15 03:29:50.954773872,2022-12-02 03:29:50.954773872,Final Payment,5980.656693101115,0.0,2,Auto,5980.656693101115
145,2023-02-11 11:34:40.402010048,2022-11-22 11:34:40.402010048,2023-02-11 11:34:40.402010048,Initial Reserve,0.0,2636.3002004952878,1,Auto,0.0
145,2023-08-19 11:34:40.402010048,2022-11-22 11:34:40.402010048,2023-02-11 11:34:40.402010048,Partial Payment,958.4936713761423,1677.8065291191456,2,Auto,958.4936713761423
145,2024-02-24 11:34:40.402010048,2022-11-22 11:34:40.402010048,2023-02-11 11:34:40.402010048,Partial Payment,817.7893557773465,860.0171733417991,3,Auto,1776.2830271534888
145,2024-08-31 11:34:40.402010048,2022-11-22 11:34:40.402010048,2023-02-11 11:34:40.402010048,Final Payment,860.0171733417991,0.0,4,Auto,2636.3002004952878
146,2023-01-13 19:39:29.849246224,2022-11-29 19:39:29.849246224,2023-01-13 19:39:29.849246224,Initial Reserve,0.0,3757.5449635853415,1,Auto,0.0
146,2024-06-14 19:39:29.849246224,2022-11-29 19:39:29.849246224,2023-01-13 19:39:29.849246224,Final Payment,3757.5449635853415,0.0,2,Auto,3757.5449635853415
147,2023-02-20 03:44:19.296482400,2022-12-07 03:44:19.296482400,2023-02-20 03:44:19.296482400,Initial Reserve,0.0,3206.5206594904625,1,Property,0.0
147,2023-04-23 03:44:19.296482400,2022-12-07 03:44:19.296482400,2023-02-20 03:44:19.296482400,Partial Payment,1344.6537087403876,1861.866950750075,2,Property,1344.6537087403876
147,2023-06-24 03:44:19.296482400,2022-12-07 03:44:19.296482400,2023-02-20 03:44:19.296482400,Partial Payment,1184.108031736985,677.75891901309,3,Property,2528.7617404773728
147,2023-08-25 03:44:19.296482400,2022-12-07 03:44:19.296482400,2023-02-20 03:44:19.296482400,Final Payment,677.75891901309,0.0,4,Property,3206.5206594904625
148,2023-02-14 11:49:08.743718592,2022-12-14 11:49:08.743718592,2023-02-14 11:49:08.743718592,Initial Reserve,0.0,2639.4126087725117,1,Property,0.0
148,2023-03-03 11:49:08.743718592,2022-12-14 11:49:08.743718592,2023-02-14 11:49:08.743718592,Partial Payment,930.4828180796111,1708.9297906929005,2,Property,930.4828180796111
148,2023-03-20 11:49:08.743718592,2022-12-14 11:49:08.743718592,2023-02-14 11:49:08.743718592,Partial Payment,1106.0564938939415,602.873296798959,3,Property,2036.5393119735527
148,2023-04-06 11:49:08.743718592,2022-12-14 11:49:08.743718592,2023-02-14 11:49:08.743718592,Final Payment,602.873296798959,0.0,4,Property,2639.4126087725117
149,2023-01-04 19:53:58.190954768,2022-12-21 19:53:58.190954768,2023-01-04 19:53:58.190954768,Initial Reserve,0.0,6719.423016955773,1,Auto,0.0
149,2023-11-17 07:53:58.190954768,2022-12-21 19:53:58.190954768,2023-01-04 19:53:58.190954768,Partial Payment,3981.312072940241,2738.1109440155324,2,Auto,3981.312072940241
149,2024-09-28 19:53:58.190954768,2022-12-21 19:53:58.190954768,2023-01-04 19:53:58.190954768,Final Payment,2738.1109440155324,0.0,3,Auto,6719.423016955773
150,2023-01-17 03:58:47.638190944,2022-12-29 03:58:47.638190944,2023-01-17 03:58:47.638190944,Initial Reserve,0.0,12358.16685773484,1,Auto,0.0
150,2023-02-23 19:58:47.638190944,2022-12-29 03:58:47.638190944,2023-01-17 03:58:47.638190944,Partial Payment,5672.865222010388,6685.301635724451,2,Auto,5672.865222010388
150,2023-04-02 11:58:47.638190944,2022-12-29 03:58:47.638190944,2023-01-17 03:58:47.638190944,Partial Payment,2738.8750270381656,3946.426608686286,3,Auto,8411.740249048553
150,2023-05-10 03:58:47.638190944,2022-12-29 03:58:47.638190944,2023-01-17 03:58:47.638190944,Final Payment,3946.426608686286,0.0,4,Auto,12358.16685773484
151,2023-03-16 12:03:37.085427136,2023-01-05 12:03:37.085427136,2023-03-16 12:03:37.085427136,Initial Reserve,0.0,2258.6383775943127,1,Liability,0.0
151,2023-10-02 04:03:37.085427136,2023-01-05 12:03:37.085427136,2023-03-16 12:03:37.085427136,Partial Payment,1485.3702232007765,773.2681543935362,2,Liability,1485.3702232007765
151,2024-04-18 20:03:37.085427136,2023-01-05 12:03:37.085427136,2023-03-16 12:03:37.085427136,Partial Payment,303.10707579473814,470.16107859879804,3,Liability,1788.4772989955147
151,2024-11-04 12:03:37.085427136,2023-01-05 12:03:37.085427136,2023-03-16 12:03:37.085427136,Final Payment,470.16107859879804,0.0,4,Liability,2258.6383775943127
152,2023-03-14 20:08:26.532663312,2023-01-12 20:08:26.532663312,2023-03-14 20:08:26.532663312,Initial Reserve,0.0,5731.970774690693,1,Auto,0.0
152,2024-09-17 20:08:26.532663312,2023-01-12 20:08:26.532663312,2023-03-14 20:08:26.532663312,Final Payment,5731.970774690693,0.0,2,Auto,5731.970774690693
153,2023-02-21 04:13:15.979899488,2023-01-20 04:13:15.979899488,2023-02-21 04:13:15.979899488,Initial Reserve,0.0,4067.28559787529,1,Auto,0.0
153,2023-06-19 16:13:15.979899488,2023-01-20 04:13:15.979899488,2023-02-21 04:13:15.979899488,Partial Payment,2103.9788662757396,1963.3067315995504,2,Auto,2103.9788662757396
153,2023-10-16 04:13:15.979899488,2023-01-20 04:13:15.979899488,2023-02-21 04:13:15.979899488,Final Payment,1963.3067315995504,0.0,3,Auto,4067.28559787529
154,2023-03-05 12:18:05.427135680,2023-01-27 12:18:05.427135680,2023-03-05 12:18:05.427135680,Initial Reserve,0.0,3395.762588254785,1,Auto,0.0
154,2024-01-16 12:18:05.427135680,2023-01-27 12:18:05.427135680,2023-03-05 12:18:05.427135680,Partial Payment,2073.584192023078,1322.1783962317072,2,Auto,2073.584192023078
154,2024-11-28 12:18:05.427135680,2023-01-27 12:18:05.427135680,2023-03-05 12:18:05.427135680,Final Payment,1322.1783962317072,0.0,3,Auto,3395.762588254785
155,2023-06-02 20:22:54.874371856,2023-02-03 20:22:54.874371856,2023-06-02 20:22:54.874371856,Initial Reserve,0.0,3587.1234278512316,1,Liability,0.0
155,2023-12-16 20:22:54.874371856,2023-02-03 20:22:54.874371856,2023-06-02 20:22:54.874371856,Partial Payment,2168.0918231827595,1419.031604668472,2,Liability,2168.0918231827595
155,2024-06-30 20:22:54.874371856,2023-02-03 20:22:54.874371856,2023-06-02 20:22:54.874371856,Partial Payment,781.1600525527952,637.8715521156769,3,Liability,2949.2518757355547
155,2025-01-13 20:22:54.874371856,2023-02-03 20:22:54.874371856,2023-06-02 20:22:54.874371856,Final Payment,637.8715521156769,0.0,4,Liability,3587.1234278512316
156,2023-03-01 04:27:44.321608032,2023-02-11 04:27:44.321608032,2023-03-01 04:27:44.321608032,Initial Reserve,0.0,3716.3530367310545,1,Auto,0.0
156,2024-04-11 04:27:44.321608032,2023-02-11 04:27:44.321608032,2023-03-01 04:27:44.321608032,Final Payment,3716.3530367310545,0.0,2,Auto,3716.3530367310545
157,2023-04-16 12:32:33.768844224,2023-02-18 12:32:33.768844224,2023-04-16 12:32:33.768844224,Initial Reserve,0.0,4401.916298031723,1,Property,0.0
157,2023-10-18 20:32:33.768844224,2023-02-18 12:32:33.768844224,2023-04-16 12:32:33.768844224,Partial Payment,2168.423324205379,2233.4929738263445,2,Property,2168.423324205379
157,2024-04-21 04:32:33.768844224,2023-02-18 12:32:33.768844224,2023-04-16 12:32:33.768844224,Partial Payment,774.8506984758238,1458.6422753505208,3,Property,2943.2740226812025
157,2024-10-23 12:32:33.768844224,2023-02-18 12:32:33.768844224,2023-04-16 12:32:33.768844224,Final Payment,1458.6422753505208,0.0,4,Property,4401.916298031723
158,2023-03-24 20:37:23.216080400,2023-02-25 20:37:23.216080400,2023-03-24 20:37:23.216080400,Initial Reserve,0.0,3383.115696556126,1,Property,0.0
158,2024-09-24 20:37:23.216080400,2023-02-25 20:37:23.216080400,2023-03-24 20:37:23.216080400,Final Payment,3383.115696556126,0.0,2,Property,3383.115696556126
159,2023-04-01 04:42:12.663316576,2023-03-05 04:42:12.663316576,2023-04-01 04:42:12.663316576,Initial Reserve,0.0,5008.729427299313,1,Auto,0.0
159,2023-12-22 04:42:12.663316576,2023-03-05 04:42:12.663316576,2023-04-01 04:42:12.663316576,Partial Payment,2041.5449004071936,2967.1845268921197,2,Auto,2041.5449004071936
159,2024-09-12 04:42:12.663316576,2023-03-05 04:42:12.663316576,2023-04-01 04:42:12.663316576,Final Payment,2967.1845268921197,0.0,3,Auto,5008.729427299313
160,2023-06-19 12:47:02.110552752,2023-03-12 12:47:02.110552752,2023-06-19 12:47:02.110552752,Initial Reserve,0.0,5721.419457188404,1,Property,0.0
160,2023-07-23 04:47:02.110552752,2023-03-12 12:47:02.110552752,2023-06-19 12:47:02.110552752,Partial Payment,2779.691217386341,2941.7282398020625,2,Property,2779.691217386341
160,2023-08-25 20:47:02.110552752,2023-03-12 12:47:02.110552752,2023-06-19 12:47:02.110552752,Partial Payment,1683.2058614292857,1258.5223783727768,3,Property,4462.897078815627
160,2023-09-28 12:47:02.110552752,2023-03-12 12:47:02.110552752,2023-06-19 12:47:02.110552752,Final Payment,1258.5223783727768,0.0,4,Property,5721.419457188404
161,2023-06-03 20:51:51.557788944,2023-03-19 20:51:51.557788944,2023-06-03 20:51:51.557788944,Initial Reserve,0.0,4326.302895940717,1,Auto,0.0
161,2024-04-16 20:51:51.557788944,2023-03-19 20:51:51.557788944,2023-06-03 20:51:51.557788944,Partial Payment,2547.132682879844,1779.1702130608724,2,Auto,2547.132682879844
161,2025-02-28 20:51:51.557788944,2023-03-19 20:51:51.557788944,2023-06-03 20:51:51.557788944,Final Payment,1779.1702130608724,0.0,3,Auto,4326.302895940717
162,2023-06-10 04:56:41.005025120,2023-03-27 04:56:41.005025120,2023-06-10 04:56:41.005025120,Initial Reserve,0.0,3365.4610396121925,1,Property,0.0
162,2023-07-23 20:56:41.005025120,2023-03-27 04:56:41.005025120,2023-06-10 04:56:41.005025120,Partial Payment,2231.7296349448684,1133.7314046673241,2,Property,2231.7296349448684
162,2023-09-05 12:56:41.005025120,2023-03-27 04:56:41.005025120,2023-06-10 04:56:41.005025120,Partial Payment,668.5774213050222,465.1539833623019,3,Property,2900.3070562498906
162,2023-10-19 04:56:41.005025120,2023-03-27 04:56:41.005025120,2023-06-10 04:56:41.005025120,Final Payment,465.1539833623019,0.0,4,Property,3365.4610396121925
163,2023-08-03 13:01:30.452261296,2023-04-03 13:01:30.452261296,2023-08-03 13:01:30.452261296,Initial Reserve,0.0,3101.387285439912,1,Property,0.0
163,2023-12-24 21:01:30.452261296,2023-04-03 13:01:30.452261296,2023-08-03 13:01:30.452261296,Partial Payment,1057.9358081653133,2043.4514772745986,2,Property,1057.9358081653133
163,2024-05-16 05:01:30.452261296,2023-04-03 13:01:30.452261296,2023-08-03 13:01:30.452261296,Partial Payment,1079.68170225285,963.7697750217485,3,Property,2137.6175104181634
163,2024-10-06 13:01:30.452261296,2023-04-03 13:01:30.452261296,2023-08-03 13:01:30.452261296,Final Payment,963.7697750217485,0.0,4,Property,3101.387285439912
164,2023-05-14 21:06:19.899497488,2023-04-10 21:06:19.899497488,2023-05-14 21:06:19.899497488,Initial Reserve,0.0,7167.061112913834,1,Property,0.0
164,2023-06-22 05:06:19.899497488,2023-04-10 21:06:19.899497488,2023-05-14 21:06:19.899497488,Partial Payment,2753.1536516158635,4413.907461297971,2,Property,2753.1536516158635
164,2023-07-30 13:06:19.899497488,2023-04-10 21:06:19.899497488,2023-05-14 21:06:19.899497488,Partial Payment,1935.0862822534998,2478.821179044471,3,Property,4688.239933869363
164,2023-09-06 21:06:19.899497488,2023-04-10 21:06:19.899497488,2023-05-14 21:06:19.899497488,Final Payment,2478.821179044471,0.0,4,Property,7167.061112913834
165,2023-06-22 05:11:09.346733664,2023-04-18 05:11:09.346733664,2023-06-22 05:11:09.346733664,Initial Reserve,0.0,5875.319834601241,1,Auto,0.0
165,2023-07-07 17:11:09.346733664,2023-04-18 05:11:09.346733664,2023-06-22 05:11:09.346733664,Partial Payment,3018.133482082184,2857.1863525190574,2,Auto,3018.133482082184
165,2023-07-23 05:11:09.346733664,2023-04-18 05:11:09.346733664,2023-06-22 05:11:09.346733664,Final Payment,2857.1863525190574,0.0,3,Auto,5875.319834601241
166,2023-05-19 13:15:58.793969840,2023-04-25 13:15:58.793969840,2023-05-19 13:15:58.793969840,Initial Reserve,0.0,2834.479978729278,1,Liability,0.0
166,2025-01-26 13:15:58.793969840,2023-04-25 13:15:58.793969840,2023-05-19 13:15:58.793969840,Final Payment,2834.479978729278,0.0,2,Liability,2834.479978729278
167,2023-06-17 21:20:48.241206032,2023-05-02 21:20:48.241206032,2023-06-17 21:20:48.241206032,Initial Reserve,0.0,4952.072251711811,1,Auto,0.0
167,2023-10-07 09:20:48.241206032,2023-05-02 21:20:48.241206032,2023-06-17 21:20:48.241206032,Partial Payment,3421.8153429737304,1530.2569087380807,2,Auto,3421.8153429737304
167,2024-01-26 21:20:48.241206032,2023-05-02 21:20:48.241206032,2023-06-17 21:20:48.241206032,Final Payment,1530.2569087380807,0.0,3,Auto,4952.072251711811
168,2023-06-08 05:25:37.688442208,2023-05-10 05:25:37.688442208,2023-06-08 05:25:37.688442208,Initial Reserve,0.0,7698.227706919621,1,Auto,0.0
168,2023-09-02 05:25:37.688442208,2023-05-10 05:25:37.688442208,2023-06-08 05:25:37.688442208,Partial Payment,2925.7891743927366,4772.438532526884,2,Auto,2925.7891743927366
168,2023-11-27 05:25:37.688442208,2023-05-10 05:25:37.688442208,2023-06-08 05:25:37.688442208,Final Payment,4772.438532526884,0.0,3,Auto,7698.227706919621
169,2023-06-22 13:30:27.135678384,2023-05-17 13:30:27.135678384,2023-06-22 13:30:27.135678384,Initial Reserve,0.0,2278.404917693485,1,Auto,0.0
169,2023-10-15 21:30:27.135678384,2023-05-17 13:30:27.135678384,2023-06-22 13:30:27.135678384,Partial Payment,1327.3765830915786,951.0283346019064,2,Auto,1327.3765830915786
169,2024-02-08 05:30:27.135678384,2023-05-17 13:30:27.135678384,2023-06-22 13:30:27.135678384,Partial Payment,297.32422786458187,653.7041067373245,3,Auto,1624.7008109561605
169,2024-06-02 13:30:27.135678384,2023-05-17 13:30:27.135678384,2023-06-22 13:30:27.135678384,Final Payment,653.7041067373245,0.0,4,Auto,2278.404917693485
170,2023-07-23 21:35:16.582914560,2023-05-24 21:35:16.582914560,2023-07-23 21:35:16.582914560,Initial Reserve,0.0,6749.793179372437,1,Property,0.0
170,2023-11-26 21:35:16.582914560,2023-05-24 21:35:16.582914560,2023-07-23 21:35:16.582914560,Partial Payment,3486.3932786255154,3263.399900746922,2,Property,3486.3932786255154
170,2024-03-31 21:35:16.582914560,2023-05-24 21:35:16.582914560,2023-07-23 21:35:16.582914560,Final Payment,3263.399900746922,0.0,3,Property,6749.793179372437
171,2023-06-16 05:40:06.030150752,2023-06-01 05:40:06.030150752,2023-06-16 05:40:06.030150752,Initial Reserve,0.0,4142.990399066142,1,Property,0.0
171,2024-06-09 17:40:06.030150752,2023-06-01 05:40:06.030150752,2023-06-16 05:40:06.030150752,Partial Payment,2279.1496012229236,1863.8407978432188,2,Property,2279.1496012229236
171,2025-06-04 05:40:06.030150752,2023-06-01 05:40:06.030150752,2023-06-16 05:40:06.030150752,Final Payment,1863.8407978432188,0.0,3,Property,4142.990399066142
172,2024-03-02 13:44:55.477386928,2023-06-08 13:44:55.477386928,2024-03-02 13:44:55.477386928,Initial Reserve,0.0,6830.981489855623,1,Auto,0.0
172,2024-09-24 13:44:55.477386928,2023-06-08 13:44:55.477386928,2024-03-02 13:44:55.477386928,Partial Payment,2268.199660043224,4562.781829812399,2,Auto,2268.199660043224
172,2025-04-18 13:44:55.477386928,2023-06-08 13:44:55.477386928,2024-03-02 13:44:55.477386928,Final Payment,4562.781829812399,0.0,3,Auto,6830.981489855623
173,2023-06-27 21:49:44.924623104,2023-06-15 21:49:44.924623104,2023-06-27 21:49:44.924623104,Initial Reserve,0.0,3781.4334127990583,1,Property,0.0
173,2024-02-02 09:49:44.924623104,2023-06-15 21:49:44.924623104,2023-06-27 21:49:44.924623104,Partial Payment,1861.8323504734285,1919.6010623256298,2,Property,1861.8323504734285
173,2024-09-08 21:49:44.924623104,2023-06-15 21:49:44.924623104,2023-06-27 21:49:44.924623104,Final Payment,1919.6010623256298,0.0,3,Property,3781.4334127990583
174,2023-07-03 05:54:34.371859296,2023-06-23 05:54:34.371859296,2023-07-03 05:54:34.371859296,Initial Reserve,0.0,2014.3715808388695,1,Auto,0.0
174,2023-07-17 13:54:34.371859296,2023-06-23 05:54:34.371859296,2023-07-03 05:54:34.371859296,Partial Payment,670.0847206303837,1344.286860208486,2,Auto,670.0847206303837
174,2023-07-31 21:54:34.371859296,2023-06-23 05:54:34.371859296,2023-07-03 05:54:34.371859296,Partial Payment,435.7382634604313,908.5485967480546,3,Auto,1105.822984090815
174,2023-08-15 05:54:34.371859296,2023-06-23 05:54:34.371859296,2023-07-03 05:54:34.371859296,Final Payment,908.5485967480546,0.0,4,Auto,2014.3715808388697
175,2023-10-13 13:59:23.819095472,2023-06-30 13:59:23.819095472,2023-10-13 13:59:23.819095472,Initial Reserve,0.0,2309.084711207362,1,Property,0.0
175,2024-04-19 05:59:23.819095472,2023-06-30 13:59:23.819095472,2023-10-13 13:59:23.819095472,Partial Payment,1497.9342554021596,811.1504558052025,2,Property,1497.9342554021596
175,2024-10-24 21:59:23.819095472,2023-06-30 13:59:23.819095472,2023-10-13 13:59:23.819095472,Partial Payment,314.4713470473021,496.67910875790034,3,Property,1812.4056024494616
175,2025-05-01 13:59:23.819095472,2023-06-30 13:59:23.819095472,2023-10-13 13:59:23.819095472,Final Payment,496.67910875790034,0.0,4,Property,2309.084711207362
176,2023-09-18 22:04:13.266331648,2023-07-07 22:04:13.266331648,2023-09-18 22:04:13.266331648,Initial Reserve,0.0,4974.315374947353,1,Auto,0.0
176,2024-05-13 22:04:13.266331648,2023-07-07 22:04:13.266331648,2023-09-18 22:04:13.266331648,Partial Payment,1854.659391709671,3119.6559832376824,2,Auto,1854.659391709671
176,2025-01-06 22:04:13.266331648,2023-07-07 22:04:13.266331648,2023-09-18 22:04:13.266331648,Partial Payment,1921.331864075665,1198.3241191620175,3,Auto,3775.991255785336
176,2025-09-01 22:04:13.266331648,2023-07-07 22:04:13.266331648,2023-09-18 22:04:13.266331648,Final Payment,1198.3241191620175,0.0,4,Auto,4974.315374947353
177,2023-09-15 06:09:02.713567840,2023-07-15 06:09:02.713567840,2023-09-15 06:09:02.713567840,Initial Reserve,0.0,4574.777494011082,1,Property,0.0
177,2024-04-09 22:09:02.713567840,2023-07-15 06:09:02.713567840,2023-09-15 06:09:02.713567840,Partial Payment,1410.607276415468,3164.1702175956143,2,Property,1410.607276415468
177,2024-11-03 14:09:02.713567840,2023-07-15 06:09:02.713567840,2023-09-15 06:09:02.713567840,Partial Payment,1776.0652211696247,1388.1049964259896,3,Property,3186.672497585093
177,2025-05-30 06:09:02.713567840,2023-07-15 06:09:02.713567840,2023-09-15 06:09:02.713567840,Final Payment,1388.1049964259896,0.0,4,Property,4574.777494011082
178,2023-09-22 14:13:52.160804016,2023-07-22 14:13:52.160804016,2023-09-22 14:13:52.160804016,Initial Reserve,0.0,3747.862403546429,1,Auto,0.0
178,2023-12-19 14:13:52.160804016,2023-07-22 14:13:52.160804016,2023-09-22 14:13:52.160804016,Final Payment,3747.862403546429,0.0,2,Auto,3747.862403546429
179,2023-08-31 22:18:41.608040192,2023-07-29 22:18:41.608040192,2023-08-31 22:18:41.608040192,Initial Reserve,0.0,5631.361764835136,1,Liability,0.0
179,2023-09-22 06:18:41.608040192,2023-07-29 22:18:41.608040192,2023-08-31 22:18:41.608040192,Partial Payment,2186.2323237291794,3445.129441105956,2,Liability,2186.2323237291794
179,2023-10-13 14:18:41.608040192,2023-07-29 22:18:41.608040192,2023-08-31 22:18:41.608040192,Partial Payment,1610.1154043683628,1835.0140367375934,3,Liability,3796.347728097542
179,2023-11-03 22:18:41.608040192,2023-07-29 22:18:41.608040192,2023-08-31 22:18:41.608040192,Final Payment,1835.0140367375934,0.0,4,Liability,5631.361764835136
180,2023-08-20 06:23:31.055276384,2023-08-06 06:23:31.055276384,2023-08-20 06:23:31.055276384,Initial Reserve,0.0,1933.8860086409354,1,Auto,0.0
180,2023-12-18 14:23:31.055276384,2023-08-06 06:23:31.055276384,2023-08-20 06:23:31.055276384,Partial Payment,714.9138251551469,1218.9721834857885,2,Auto,714.9138251551469
180,2024-04-16 22:23:31.055276384,2023-08-06 06:23:31.055276384,2023-08-20 06:23:31.055276384,Partial Payment,834.1575617244406,384.8146217613479,3,Auto,1549.0713868795874
180,2024-08-15 06:23:31.055276384,2023-08-06 06:23:31.055276384,2023-08-20 06:23:31.055276384,Final Payment,384.8146217613479,0.0,4,Auto,1933.8860086409354
181,2023-09-18 14:28:20.502512560,2023-08-13 14:28:20.502512560,2023-09-18 14:28:20.502512560,Initial Reserve,0.0,5216.671686626703,1,Auto,0.0
181,2024-04-22 02:28:20.502512560,2023-08-13 14:28:20.502512560,2023-09-18 14:28:20.502512560,Partial Payment,2877.025355860787,2339.6463307659164,2,Auto,2877.025355860787
181,2024-11-24 14:28:20.502512560,2023-08-13 14:28:20.502512560,2023-09-18 14:28:20.502512560,Final Payment,2339.6463307659164,0.0,3,Auto,5216.671686626703
182,2023-09-06 22:33:09.949748736,2023-08-20 22:33:09.949748736,2023-09-06 22:33:09.949748736,Initial Reserve,0.0,3205.712130094025,1,Auto,0.0
182,2023-12-06 10:33:09.949748736,2023-08-20 22:33:09.949748736,2023-09-06 22:33:09.949748736,Partial Payment,1658.3796702410575,1547.3324598529673,2,Auto,1658.3796702410575
182,2024-03-05 22:33:09.949748736,2023-08-20 22:33:09.949748736,2023-09-06 22:33:09.949748736,Final Payment,1547.3324598529673,0.0,3,Auto,3205.712130094025
183,2023-11-24 06:37:59.396984912,2023-08-28 06:37:59.396984912,2023-11-24 06:37:59.396984912,Initial Reserve,0.0,3659.4498458132553,1,Liability,0.0
183,2024-04-21 22:37:59.396984912,2023-08-28 06:37:59.396984912,2023-11-24 06:37:59.396984912,Partial Payment,1140.8619537405432,2518.587892072712,2,Liability,1140.8619537405432
183,2024-09-18 14:37:59.396984912,2023-08-28 06:37:59.396984912,2023-11-24 06:37:59.396984912,Partial Payment,1154.0322547869382,1364.5556372857736,3,Liability,2294.894208527481
183,2025-02-15 06:37:59.396984912,2023-08-28 06:37:59.396984912,2023-11-24 06:37:59.396984912,Final Payment,1364.5556372857736,0.0,4,Liability,3659.449845813255
184,2023-10-03 14:42:48.844221104,2023-09-04 14:42:48.844221104,2023-10-03 14:42:48.844221104,Initial Reserve,0.0,5229.36300937971,1,Liability,0.0
184,2024-03-13 14:42:48.844221104,2023-09-04 14:42:48.844221104,2023-10-03 14:42:48.844221104,Partial Payment,2147.862119945531,3081.500889434179,2,Liability,2147.862119945531
184,2024-08-22 14:42:48.844221104,2023-09-04 14:42:48.844221104,2023-10-03 14:42:48.844221104,Final Payment,3081.500889434179,0.0,3,Liability,5229.36300937971
185,2023-09-26 22:47:38.291457280,2023-09-11 22:47:38.291457280,2023-09-26 22:47:38.291457280,Initial Reserve,0.0,2920.081587770327,1,Auto,0.0
185,2024-05-05 22:47:38.291457280,2023-09-11 22:47:38.291457280,2023-09-26 22:47:38.291457280,Partial Payment,1122.084788073034,1797.9967996972932,2,Auto,1122.084788073034
185,2024-12-13 22:47:38.291457280,2023-09-11 22:47:38.291457280,2023-09-26 22:47:38.291457280,Partial Payment,987.4358093353873,810.560990361906,3,Auto,2109.520597408421
185,2025-07-23 22:47:38.291457280,2023-09-11 22:47:38.291457280,2023-09-26 22:47:38.291457280,Final Payment,810.560990361906,0.0,4,Auto,2920.081587770327
186,2023-10-13 06:52:27.738693456,2023-09-19 06:52:27.738693456,2023-10-13 06:52:27.738693456,Initial Reserve,0.0,4433.185849522214,1,Property,0.0
186,2025-04-14 06:52:27.738693456,2023-09-19 06:52:27.738693456,2023-10-13 06:52:27.738693456,Final Payment,4433.185849522214,0.0,2,Property,4433.185849522214
187,2023-11-15 14:57:17.185929648,2023-09-26 14:57:17.185929648,2023-11-15 14:57:17.185929648,Initial Reserve,0.0,7087.126284969931,1,Liability,0.0
187,2024-08-19 02:57:17.185929648,2023-09-26 14:57:17.185929648,2023-11-15 14:57:17.185929648,Partial Payment,4879.897767120316,2207.228517849615,2,Liability,4879.897767120316
187,2025-05-23 14:57:17.185929648,2023-09-26 14:57:17.185929648,2023-11-15 14:57:17.185929648,Final Payment,2207.228517849615,0.0,3,Liability,7087.126284969931
188,2023-10-22 23:02:06.633165824,2023-10-03 23:02:06.633165824,2023-10-22 23:02:06.633165824,Initial Reserve,0.0,3555.1284817331507,1,Property,0.0
188,2024-05-03 23:02:06.633165824,2023-10-03 23:02:06.633165824,2023-10-22 23:02:06.633165824,Partial Payment,1418.113838192034,2137.0146435411166,2,Property,1418.113838192034
188,2024-11-13 23:02:06.633165824,2023-10-03 23:02:06.633165824,2023-10-22 23:02:06.633165824,Partial Payment,1385.4265090148701,751.5881345262464,3,Property,2803.5403472069042
188,2025-05-26 23:02:06.633165824,2023-10-03 23:02:06.633165824,2023-10-22 23:02:06.633165824,Final Payment,751.5881345262464,0.0,4,Property,3555.1284817331507
189,2023-10-26 07:06:56.080402000,2023-10-11 07:06:56.080402000,2023-10-26 07:06:56.080402000,Initial Reserve,0.0,7741.406802864168,1,Property,0.0
189,2024-01-20 23:06:56.080402000,2023-10-11 07:06:56.080402000,2023-10-26 07:06:56.080402000,Partial Payment,3434.8107007341155,4306.596102130052,2,Property,3434.8107007341155
189,2024-04-16 15:06:56.080402000,2023-10-11 07:06:56.080402000,2023-10-26 07:06:56.080402000,Partial Payment,2313.4187608567568,1993.177341273295,3,Property,5748.229461590872
189,2024-07-12 07:06:56.080402000,2023-10-11 07:06:56.080402000,2023-10-26 07:06:56.080402000,Final Payment,1993.177341273295,0.0,4,Property,7741.406802864167
190,2023-11-29 15:11:45.527638192,2023-10-18 15:11:45.527638192,2023-11-29 15:11:45.527638192,Initial Reserve,0.0,2963.7689438662283,1,Auto,0.0
190,2023-12-28 03:11:45.527638192,2023-10-18 15:11:45.527638192,2023-11-29 15:11:45.527638192,Partial Payment,1195.1498236451423,1768.619120221086,2,Auto,1195.1498236451423
190,2024-01-25 15:11:45.527638192,2023-10-18 15:11:45.527638192,2023-11-29 15:11:45.527638192,Final Payment,1768.619120221086,0.0,3,Auto,2963.7689438662283
191,2023-12-06 23:16:34.974874368,2023-10-25 23:16:34.974874368,2023-12-06 23:16:34.974874368,Initial Reserve,0.0,5147.481448609418,1,Auto,0.0
191,2025-03-28 23:16:34.974874368,2023-10-25 23:16:34.974874368,2023-12-06 23:16:34.974874368,Final Payment,5147.481448609418,0.0,2,Auto,5147.481448609418
192,2023-11-22 07:21:24.422110544,2023-11-02 07:21:24.422110544,2023-11-22 07:21:24.422110544,Initial Reserve,0.0,9042.057650320467,1,Liability,0.0
192,2024-10-03 07:21:24.422110544,2023-11-02 07:21:24.422110544,2023-11-22 07:21:24.422110544,Final Payment,9042.057650320467,0.0,2,Liability,9042.057650320467
193,2023-11-30 15:26:13.869346720,2023-11-09 15:26:13.869346720,2023-11-30 15:26:13.869346720,Initial Reserve,0.0,1647.4171949224733,1,Liability,0.0
193,2024-07-07 07:26:13.869346720,2023-11-09 15:26:13.869346720,2023-11-30 15:26:13.869346720,Partial Payment,606.0899952028346,1041.3271997196387,2,Liability,606.0899952028346
193,2025-02-11 23:26:13.869346720,2023-11-09 15:26:13.869346720,2023-11-30 15:26:13.869346720,Partial Payment,528.9000600507145,512.4271396689242,3,Liability,1134.9900552535491
193,2025-09-19 15:26:13.869346720,2023-11-09 15:26:13.869346720,2023-11-30 15:26:13.869346720,Final Payment,512.4271396689242,0.0,4,Liability,1647.4171949224733
194,2023-12-28 23:31:03.316582912,2023-11-16 23:31:03.316582912,2023-12-28 23:31:03.316582912,Initial Reserve,0.0,3523.1575499005176,1,Property,0.0
194,2024-07-10 23:31:03.316582912,2023-11-16 23:31:03.316582912,2023-12-28 23:31:03.316582912,Partial Payment,1664.1811178289668,1858.9764320715508,2,Property,1664.1811178289668
194,2025-01-21 23:31:03.316582912,2023-11-16 23:31:03.316582912,2023-12-28 23:31:03.316582912,Final Payment,1858.9764320715508,0.0,3,Property,3523.1575499005176
195,2023-12-02 07:35:52.763819088,2023-11-24 07:35:52.763819088,2023-12-02 07:35:52.763819088,Initial Reserve,0.0,7735.455105118284,1,Auto,0.0
195,2024-03-25 07:35:52.763819088,2023-11-24 07:35:52.763819088,2023-12-02 07:35:52.763819088,Partial Payment,2837.4946032319253,4897.9605018863585,2,Auto,2837.4946032319253
195,2024-07-17 07:35:52.763819088,2023-11-24 07:35:52.763819088,2023-12-02 07:35:52.763819088,Partial Payment,1797.785070860838,3100.1754310255205,3,Auto,4635.279674092763
195,2024-11-08 07:35:52.763819088,2023-11-24 07:35:52.763819088,2023-12-02 07:35:52.763819088,Final Payment,3100.1754310255205,0.0,4,Auto,7735.455105118284
196,2023-12-09 15:40:42.211055264,2023-12-01 15:40:42.211055264,2023-12-09 15:40:42.211055264,Initial Reserve,0.0,4627.748432556229,1,Auto,0.0
196,2025-11-24 15:40:42.211055264,2023-12-01 15:40:42.211055264,2023-12-09 15:40:42.211055264,Final Payment,4627.748432556229,0.0,2,Auto,4627.748432556229
197,2023-12-24 23:45:31.658291456,2023-12-08 23:45:31.658291456,2023-12-24 23:45:31.658291456,Initial Reserve,0.0,5996.245086465412,1,Property,0.0
197,2024-11-22 23:45:31.658291456,2023-12-08 23:45:31.658291456,2023-12-24 23:45:31.658291456,Final Payment,5996.245086465412,0.0,2,Property,5996.245086465412
198,2024-01-12 07:50:21.105527632,2023-12-16 07:50:21.105527632,2024-01-12 07:50:21.105527632,Initial Reserve,0.0,3932.223853330205,1,Liability,0.0
198,2024-07-15 07:50:21.105527632,2023-12-16 07:50:21.105527632,2024-01-12 07:50:21.105527632,Final Payment,3932.223853330205,0.0,2,Liability,3932.223853330205
199,2024-02-06 15:55:10.552763808,2023-12-23 15:55:10.552763808,2024-02-06 15:55:10.552763808,Initial Reserve,0.0,5888.251165595424,1,Liability,0.0
199,2024-09-09 23:55:10.552763808,2023-12-23 15:55:10.552763808,2024-02-06 15:55:10.552763808,Partial Payment,3038.1158251828983,2850.1353404125257,2,Liability,3038.1158251828983
199,2025-04-14 07:55:10.552763808,2023-12-23 15:55:10.552763808,2024-02-06 15:55:10.552763808,Partial Payment,894.0165060889362,1956.1188343235895,3,Liability,3932.1323312718346
199,2025-11-16 15:55:10.552763808,2023-12-23 15:55:10.552763808,2024-02-06 15:55:10.552763808,Final Payment,1956.1188343235895,0.0,4,Liability,5888.251165595424
200,2024-05-24 00:00:00.000000000,2023-12-31 00:00:00.000000000,2024-05-24 00:00:00.000000000,Initial Reserve,0.0,3741.1991801273643,1,Property,0.0
200,2025-02-18 00:00:00.000000000,2023-12-31 00:00:00.000000000,2024-05-24 00:00:00.000000000,Partial Payment,1468.2424660687698,2272.9567140585946,2,Property,1468.2424660687698
200,2025-11-15 00:00:00.000000000,2023-12-31 00:00:00.000000000,2024-05-24 00:00:00.000000000,Final Payment,2272.9567140585946,0.0,3,Property,3741.1991801273643
